-- MySQL dump 10.13  Distrib 8.0.42, for Win64 (x86_64)
--
-- Host: localhost    Database: konyvesbolt_projekt
-- ------------------------------------------------------
-- Server version	8.0.42

/*!40101 SET @OLD_CHARACTER_SET_CLIENT=@@CHARACTER_SET_CLIENT */;
/*!40101 SET @OLD_CHARACTER_SET_RESULTS=@@CHARACTER_SET_RESULTS */;
/*!40101 SET @OLD_COLLATION_CONNECTION=@@COLLATION_CONNECTION */;
/*!50503 SET NAMES utf8mb4 */;
/*!40103 SET @OLD_TIME_ZONE=@@TIME_ZONE */;
/*!40103 SET TIME_ZONE='+00:00' */;
/*!40014 SET @OLD_UNIQUE_CHECKS=@@UNIQUE_CHECKS, UNIQUE_CHECKS=0 */;
/*!40014 SET @OLD_FOREIGN_KEY_CHECKS=@@FOREIGN_KEY_CHECKS, FOREIGN_KEY_CHECKS=0 */;
/*!40101 SET @OLD_SQL_MODE=@@SQL_MODE, SQL_MODE='NO_AUTO_VALUE_ON_ZERO' */;
/*!40111 SET @OLD_SQL_NOTES=@@SQL_NOTES, SQL_NOTES=0 */;

--
-- Table structure for table `borito`
--

DROP TABLE IF EXISTS `borito`;
/*!40101 SET @saved_cs_client     = @@character_set_client */;
/*!50503 SET character_set_client = utf8mb4 */;
CREATE TABLE `borito` (
  `id` int NOT NULL AUTO_INCREMENT,
  `borito_nev` varchar(150) COLLATE utf8mb4_hungarian_ci NOT NULL,
  PRIMARY KEY (`id`),
  UNIQUE KEY `borito_nev` (`borito_nev`)
) ENGINE=InnoDB AUTO_INCREMENT=12 DEFAULT CHARSET=utf8mb4 COLLATE=utf8mb4_hungarian_ci;
/*!40101 SET character_set_client = @saved_cs_client */;

--
-- Dumping data for table `borito`
--

LOCK TABLES `borito` WRITE;
/*!40000 ALTER TABLE `borito` DISABLE KEYS */;
INSERT INTO `borito` VALUES (11,'C├ëRNAF┼░Z├ľTT, KEM├ëNYT├üBL├üS'),(5,'F├ťLES, KARTON├üLT'),(1,'KARTON├üLT'),(7,'KEM├ëNYT├üBLA'),(4,'KEM├ëNYT├üBLA, V├ëD┼ÉBOR├ŹT├ô'),(3,'NINCS'),(10,'PAP├ŹR/PUHA K├ľT├ëS'),(9,'PAP├ŹRK├ľT├ëS┼░'),(2,'PUHAT├üBL├üS'),(6,'PUHAT├üBL├üS, RAGASZT├ôK├ľT├ľTT'),(8,'RAGASZTOTT');
/*!40000 ALTER TABLE `borito` ENABLE KEYS */;
UNLOCK TABLES;

--
-- Table structure for table `fizetesi_mod`
--

DROP TABLE IF EXISTS `fizetesi_mod`;
/*!40101 SET @saved_cs_client     = @@character_set_client */;
/*!50503 SET character_set_client = utf8mb4 */;
CREATE TABLE `fizetesi_mod` (
  `id` int NOT NULL AUTO_INCREMENT,
  `fizetesi_nev` varchar(255) COLLATE utf8mb4_hungarian_ci NOT NULL,
  PRIMARY KEY (`id`),
  UNIQUE KEY `fizetesi_nev` (`fizetesi_nev`)
) ENGINE=InnoDB AUTO_INCREMENT=4 DEFAULT CHARSET=utf8mb4 COLLATE=utf8mb4_hungarian_ci;
/*!40101 SET character_set_client = @saved_cs_client */;

--
-- Dumping data for table `fizetesi_mod`
--

LOCK TABLES `fizetesi_mod` WRITE;
/*!40000 ALTER TABLE `fizetesi_mod` DISABLE KEYS */;
INSERT INTO `fizetesi_mod` VALUES (3,'K├írtya'),(2,'Utal├ís'),(1,'Ut├ínv├ęt');
/*!40000 ALTER TABLE `fizetesi_mod` ENABLE KEYS */;
UNLOCK TABLES;

--
-- Table structure for table `fordito`
--

DROP TABLE IF EXISTS `fordito`;
/*!40101 SET @saved_cs_client     = @@character_set_client */;
/*!50503 SET character_set_client = utf8mb4 */;
CREATE TABLE `fordito` (
  `id` int NOT NULL AUTO_INCREMENT,
  `fordito_nev` varchar(150) COLLATE utf8mb4_hungarian_ci NOT NULL,
  PRIMARY KEY (`id`),
  UNIQUE KEY `fordito_nev` (`fordito_nev`)
) ENGINE=InnoDB AUTO_INCREMENT=18 DEFAULT CHARSET=utf8mb4 COLLATE=utf8mb4_hungarian_ci;
/*!40101 SET character_set_client = @saved_cs_client */;

--
-- Dumping data for table `fordito`
--

LOCK TABLES `fordito` WRITE;
/*!40000 ALTER TABLE `fordito` DISABLE KEYS */;
INSERT INTO `fordito` VALUES (10,'Acsai Roland'),(9,'Bozai ├ügota'),(5,'Elekes D├│ra'),(13,'Farkas Veronika'),(7,'Frei-Kov├ícs Judit'),(16,'Hujder Adrienn'),(11,'Moln├ír Edit'),(17,'Moln├ír Gy├Ârgy'),(3,'Morcs├ínyi J├║lia'),(14,'Nagy Boldizs├ír'),(15,'Riesenberger M├│nika'),(8,'S├írp├ítki ├üd├ím'),(2,'Sziklai Istv├ín'),(6,'T├│th B├ílint P├ęter'),(12,'Totth Benedek'),(4,'T├║ri Zsuzsanna'),(1,'Varga Csaba B├ęla');
/*!40000 ALTER TABLE `fordito` ENABLE KEYS */;
UNLOCK TABLES;

--
-- Table structure for table `illusztracio`
--

DROP TABLE IF EXISTS `illusztracio`;
/*!40101 SET @saved_cs_client     = @@character_set_client */;
/*!50503 SET character_set_client = utf8mb4 */;
CREATE TABLE `illusztracio` (
  `id` int NOT NULL AUTO_INCREMENT,
  `illusztracio` varchar(150) COLLATE utf8mb4_hungarian_ci NOT NULL,
  PRIMARY KEY (`id`),
  UNIQUE KEY `illusztracio` (`illusztracio`)
) ENGINE=InnoDB AUTO_INCREMENT=7 DEFAULT CHARSET=utf8mb4 COLLATE=utf8mb4_hungarian_ci;
/*!40101 SET character_set_client = @saved_cs_client */;

--
-- Dumping data for table `illusztracio`
--

LOCK TABLES `illusztracio` WRITE;
/*!40000 ALTER TABLE `illusztracio` DISABLE KEYS */;
INSERT INTO `illusztracio` VALUES (6,'FEKETE FEH├ëR RAJZOKKAL'),(5,'K├ëPEKKEL'),(3,'K├ëPREG├ëNY'),(4,'MANGA/ FEKEHETE -FEH├ëR'),(2,'RAJZOKKAL'),(1,'SZ├ŹNES RAJZOKKAL');
/*!40000 ALTER TABLE `illusztracio` ENABLE KEYS */;
UNLOCK TABLES;

--
-- Table structure for table `illusztrator`
--

DROP TABLE IF EXISTS `illusztrator`;
/*!40101 SET @saved_cs_client     = @@character_set_client */;
/*!50503 SET character_set_client = utf8mb4 */;
CREATE TABLE `illusztrator` (
  `id` int NOT NULL AUTO_INCREMENT,
  `illusztrator` varchar(150) COLLATE utf8mb4_hungarian_ci NOT NULL,
  PRIMARY KEY (`id`),
  UNIQUE KEY `illusztrator` (`illusztrator`)
) ENGINE=InnoDB AUTO_INCREMENT=8 DEFAULT CHARSET=utf8mb4 COLLATE=utf8mb4_hungarian_ci;
/*!40101 SET character_set_client = @saved_cs_client */;

--
-- Dumping data for table `illusztrator`
--

LOCK TABLES `illusztrator` WRITE;
/*!40000 ALTER TABLE `illusztrator` DISABLE KEYS */;
INSERT INTO `illusztrator` VALUES (2,'Ai Yazawa'),(4,'Aiya Kyu'),(3,'Aka Akasaka'),(1,'Alice Oseman'),(5,'Rokuro Saito'),(7,'Shuji SOGABE'),(6,'Type-Moon');
/*!40000 ALTER TABLE `illusztrator` ENABLE KEYS */;
UNLOCK TABLES;

--
-- Table structure for table `kapcsolo_fordito`
--

DROP TABLE IF EXISTS `kapcsolo_fordito`;
/*!40101 SET @saved_cs_client     = @@character_set_client */;
/*!50503 SET character_set_client = utf8mb4 */;
CREATE TABLE `kapcsolo_fordito` (
  `id` int NOT NULL AUTO_INCREMENT,
  `ISBN` bigint NOT NULL,
  `fordito_id` int NOT NULL,
  PRIMARY KEY (`id`),
  KEY `FK_kapcsolo_fordito_ISBN` (`ISBN`),
  KEY `FK_kapcsolo_fordito_fordito_id` (`fordito_id`),
  CONSTRAINT `FK_kapcsolo_fordito_fordito_id` FOREIGN KEY (`fordito_id`) REFERENCES `fordito` (`id`) ON DELETE CASCADE ON UPDATE CASCADE,
  CONSTRAINT `FK_kapcsolo_fordito_ISBN` FOREIGN KEY (`ISBN`) REFERENCES `termek` (`ISBN`) ON DELETE CASCADE ON UPDATE CASCADE
) ENGINE=InnoDB AUTO_INCREMENT=34 DEFAULT CHARSET=utf8mb4 COLLATE=utf8mb4_hungarian_ci;
/*!40101 SET character_set_client = @saved_cs_client */;

--
-- Dumping data for table `kapcsolo_fordito`
--

LOCK TABLES `kapcsolo_fordito` WRITE;
/*!40000 ALTER TABLE `kapcsolo_fordito` DISABLE KEYS */;
INSERT INTO `kapcsolo_fordito` VALUES (1,9789635616770,1),(2,9789639492806,2),(3,9789634577775,2),(4,9789635842247,3),(5,9789635843046,3),(6,9789633571750,4),(7,9789634470557,4),(8,9789636207007,5),(9,9789634526421,6),(10,9789634525653,7),(11,9789635981175,8),(12,9789635982448,8),(13,9789633731154,9),(14,9789633998489,10),(15,9789633998502,10),(16,9789633998526,10),(17,9789634571292,10),(18,9789636751944,11),(19,9789635980840,12),(20,9786155049729,12),(21,9789634196693,12),(22,9789634198154,13),(23,9789635977628,14),(24,9789635973828,15),(25,9789635972968,15),(26,9789635974313,15),(27,9789635974320,15),(28,9789635977994,15),(29,9789636751494,16),(30,9789635979776,16),(31,9789635976898,16),(32,9789634578857,16),(33,9789633999783,16);
/*!40000 ALTER TABLE `kapcsolo_fordito` ENABLE KEYS */;
UNLOCK TABLES;

--
-- Table structure for table `kapcsolo_illusztrator`
--

DROP TABLE IF EXISTS `kapcsolo_illusztrator`;
/*!40101 SET @saved_cs_client     = @@character_set_client */;
/*!50503 SET character_set_client = utf8mb4 */;
CREATE TABLE `kapcsolo_illusztrator` (
  `id` int NOT NULL AUTO_INCREMENT,
  `ISBN` bigint NOT NULL,
  `illusztrator_id` int NOT NULL,
  PRIMARY KEY (`id`),
  KEY `FK_kapcsolo_illusztrator_ISBN` (`ISBN`),
  KEY `FK_kapcsolo_illusztrator_illusztrator_id` (`illusztrator_id`),
  CONSTRAINT `FK_kapcsolo_illusztrator_illusztrator_id` FOREIGN KEY (`illusztrator_id`) REFERENCES `illusztrator` (`id`) ON DELETE CASCADE ON UPDATE CASCADE,
  CONSTRAINT `FK_kapcsolo_illusztrator_ISBN` FOREIGN KEY (`ISBN`) REFERENCES `termek` (`ISBN`) ON DELETE CASCADE ON UPDATE CASCADE
) ENGINE=InnoDB AUTO_INCREMENT=88 DEFAULT CHARSET=utf8mb4 COLLATE=utf8mb4_hungarian_ci;
/*!40101 SET character_set_client = @saved_cs_client */;

--
-- Dumping data for table `kapcsolo_illusztrator`
--

LOCK TABLES `kapcsolo_illusztrator` WRITE;
/*!40000 ALTER TABLE `kapcsolo_illusztrator` DISABLE KEYS */;
INSERT INTO `kapcsolo_illusztrator` VALUES (1,9781927925850,7),(2,9781772940800,7),(3,9781927925898,7),(4,9781927925874,7),(5,9781772940824,7),(6,9781927925881,7),(7,9781927925867,7),(8,9781927925904,7),(9,9781772942521,4),(10,9781772942538,4),(11,9781772942576,5),(12,9781927925799,5),(13,9781772940886,5),(14,9781772942569,5),(15,9781772942583,5),(16,9781772942545,5),(17,9781772942552,5),(18,9781974700301,3),(19,9781974700318,3),(20,9781974700325,3),(21,9781974728473,3),(22,9781974743421,3),(23,9781974724031,3),(24,9781974700493,3),(25,9781974725182,3),(26,9781974741052,3),(27,9781974732180,3),(28,9781974722860,3),(29,9781974714728,3),(30,9781974704408,3),(31,9781974705092,3),(32,9781974710713,3),(33,9781974736324,3),(34,9781974706631,3),(35,9781974738755,3),(36,9781974714735,3),(37,9781974709571,3),(38,9781974734481,3),(39,9781974717101,3),(40,9781974718740,3),(41,9781974701384,3),(42,9781974701391,3),(43,9781974721009,3),(44,9781974700509,3),(45,9781974707799,3),(46,9781927925577,7),(47,9781927925799,7),(48,9781927925836,7),(49,9781927925812,7),(50,9781772940893,7),(51,9781927925669,7),(52,9781772941333,7),(53,9781927925829,7),(54,9781772940763,7),(55,9781646513604,6),(56,9781632369079,6),(57,9781632368843,6),(58,9798888775899,6),(59,9798888772119,6),(60,9781421501086,2),(61,9781421503783,2),(62,9781421504797,2),(63,9781421504803,2),(64,9781421510194,2),(65,9781421510200,2),(66,9781421510217,2),(67,9781421515397,2),(68,9781421517452,2),(69,9781421517469,2),(70,9781421517476,2),(71,9781421518794,2),(72,9781421518800,2),(73,9781421519722,2),(74,9781421523743,2),(75,9781421523750,2),(76,9781421523767,2),(77,9781421526706,2),(78,9781421526713,2),(79,9781421530758,2),(80,9781421533087,2),(81,9789635973828,1),(82,9789635972968,1),(83,9789635974313,1),(84,9789635974320,1),(85,9789635977994,1),(86,9789635976898,1),(87,9789634578857,1);
/*!40000 ALTER TABLE `kapcsolo_illusztrator` ENABLE KEYS */;
UNLOCK TABLES;

--
-- Table structure for table `kapcsolo_szamla`
--

DROP TABLE IF EXISTS `kapcsolo_szamla`;
/*!40101 SET @saved_cs_client     = @@character_set_client */;
/*!50503 SET character_set_client = utf8mb4 */;
CREATE TABLE `kapcsolo_szamla` (
  `id` int NOT NULL AUTO_INCREMENT,
  `ISBN` bigint NOT NULL,
  `szamla_id` int NOT NULL,
  `darab` int NOT NULL,
  PRIMARY KEY (`id`),
  KEY `FK_kapcsolo_szamla_ISBN` (`ISBN`),
  KEY `FK_kapcsolo_szamla_szamla_id` (`szamla_id`),
  CONSTRAINT `FK_kapcsolo_szamla_ISBN` FOREIGN KEY (`ISBN`) REFERENCES `termek` (`ISBN`) ON DELETE CASCADE ON UPDATE CASCADE,
  CONSTRAINT `FK_kapcsolo_szamla_szamla_id` FOREIGN KEY (`szamla_id`) REFERENCES `szamla` (`szamla_id`) ON DELETE CASCADE ON UPDATE CASCADE
) ENGINE=InnoDB DEFAULT CHARSET=utf8mb4 COLLATE=utf8mb4_hungarian_ci;
/*!40101 SET character_set_client = @saved_cs_client */;

--
-- Dumping data for table `kapcsolo_szamla`
--

LOCK TABLES `kapcsolo_szamla` WRITE;
/*!40000 ALTER TABLE `kapcsolo_szamla` DISABLE KEYS */;
/*!40000 ALTER TABLE `kapcsolo_szamla` ENABLE KEYS */;
UNLOCK TABLES;

--
-- Table structure for table `kapcsolo_szerzo`
--

DROP TABLE IF EXISTS `kapcsolo_szerzo`;
/*!40101 SET @saved_cs_client     = @@character_set_client */;
/*!50503 SET character_set_client = utf8mb4 */;
CREATE TABLE `kapcsolo_szerzo` (
  `id` int NOT NULL AUTO_INCREMENT,
  `ISBN` bigint NOT NULL,
  `szerzo_id` int NOT NULL,
  PRIMARY KEY (`id`),
  KEY `FK_kapcsolo_szerzo_ISBN` (`ISBN`),
  KEY `FK_kapcsolo_szerzo_szerzo_id` (`szerzo_id`),
  CONSTRAINT `FK_kapcsolo_szerzo_ISBN` FOREIGN KEY (`ISBN`) REFERENCES `termek` (`ISBN`) ON DELETE CASCADE ON UPDATE CASCADE,
  CONSTRAINT `FK_kapcsolo_szerzo_szerzo_id` FOREIGN KEY (`szerzo_id`) REFERENCES `szerz┼Ĺ` (`id`) ON DELETE CASCADE
) ENGINE=InnoDB AUTO_INCREMENT=128 DEFAULT CHARSET=utf8mb4 COLLATE=utf8mb4_hungarian_ci;
/*!40101 SET character_set_client = @saved_cs_client */;

--
-- Dumping data for table `kapcsolo_szerzo`
--

LOCK TABLES `kapcsolo_szerzo` WRITE;
/*!40000 ALTER TABLE `kapcsolo_szerzo` DISABLE KEYS */;
INSERT INTO `kapcsolo_szerzo` VALUES (1,9781927925850,14),(2,9781772940800,14),(3,9781927925898,14),(4,9781927925874,14),(5,9781772940824,14),(6,9781927925881,14),(7,9781927925867,14),(8,9781927925904,14),(9,9781772942521,14),(10,9781772942538,14),(11,9781772942576,14),(12,9781927925799,14),(13,9781772940886,14),(14,9781772942569,14),(15,9781772942583,14),(16,9781772942545,14),(17,9781772942552,14),(18,9781974700301,16),(19,9781974700318,16),(20,9781974700325,16),(21,9781974728473,16),(22,9781974743421,16),(23,9781974724031,16),(24,9781974700493,16),(25,9781974725182,16),(26,9781974741052,16),(27,9781974732180,16),(28,9781974722860,16),(29,9781974714728,16),(30,9781974704408,16),(31,9781974705092,16),(32,9781974710713,16),(33,9781974736324,16),(34,9781974706631,16),(35,9781974738755,16),(36,9781974714735,16),(37,9781974709571,16),(38,9781974734481,16),(39,9781974717101,16),(40,9781974718740,16),(41,9781974701384,16),(42,9781974701391,16),(43,9781974721009,16),(44,9781974700509,16),(45,9781974707799,16),(46,9781927925577,14),(47,9781927925799,14),(48,9781927925836,14),(49,9781927925812,14),(50,9781772940893,14),(51,9781927925669,14),(52,9781772941333,14),(53,9781927925829,14),(54,9781772940763,14),(55,9781646513604,15),(56,9781632369079,15),(57,9781632368843,15),(58,9798888775899,15),(59,9798888772119,15),(60,9789635616770,1),(61,9789639492806,1),(62,9789634577775,1),(63,9789635842247,2),(64,9789635843046,2),(65,9789633576144,3),(66,9789633571750,4),(67,9789633571750,3),(68,9789634470557,3),(69,2399987630880,5),(70,9789636207007,5),(71,9789634526421,6),(72,9789634525653,6),(73,9789635981175,7),(74,9789635982448,7),(75,9789633731154,8),(76,9789633998489,8),(77,9789633998502,8),(78,9789633998526,8),(79,9789634571292,8),(80,9789636751944,8),(81,9786155653087,9),(82,9786155653117,9),(83,9786155653148,9),(84,9786155653179,9),(85,9786155653209,9),(86,9786155653230,9),(87,9786155653261,9),(88,9786155653322,9),(89,9789635980840,10),(90,9786155049729,10),(91,9789634196693,10),(92,9789634198154,10),(93,9786156488336,11),(94,9781780622286,1),(95,9781780622316,1),(96,9789635977628,1),(97,9781421501086,12),(98,9781421503783,12),(99,9781421504797,12),(100,9781421504803,12),(101,9781421510194,12),(102,9781421510200,12),(103,9781421510217,12),(104,9781421515397,12),(105,9781421517452,12),(106,9781421517469,12),(107,9781421517476,12),(108,9781421518794,12),(109,9781421518800,12),(110,9781421519722,12),(111,9781421523743,12),(112,9781421523750,12),(113,9781421523767,12),(114,9781421526706,12),(115,9781421526713,12),(116,9781421530758,12),(117,9781421533087,12),(118,9789635973828,13),(119,9789635972968,13),(120,9789635974313,13),(121,9789635974320,13),(122,9789635977994,13),(123,9789636751494,13),(124,9789635979776,13),(125,9789635976898,13),(126,9789634578857,13),(127,9789633999783,13);
/*!40000 ALTER TABLE `kapcsolo_szerzo` ENABLE KEYS */;
UNLOCK TABLES;

--
-- Table structure for table `kategoria`
--

DROP TABLE IF EXISTS `kategoria`;
/*!40101 SET @saved_cs_client     = @@character_set_client */;
/*!50503 SET character_set_client = utf8mb4 */;
CREATE TABLE `kategoria` (
  `id` int NOT NULL AUTO_INCREMENT,
  `kat_nev` varchar(150) COLLATE utf8mb4_hungarian_ci NOT NULL,
  `katazon` int DEFAULT NULL,
  PRIMARY KEY (`id`),
  KEY `FK_kategoria_katazon` (`katazon`),
  CONSTRAINT `FK_kategoria_katazon` FOREIGN KEY (`katazon`) REFERENCES `kategoria` (`id`) ON DELETE CASCADE ON UPDATE CASCADE
) ENGINE=InnoDB AUTO_INCREMENT=21 DEFAULT CHARSET=utf8mb4 COLLATE=utf8mb4_hungarian_ci;
/*!40101 SET character_set_client = @saved_cs_client */;

--
-- Dumping data for table `kategoria`
--

LOCK TABLES `kategoria` WRITE;
/*!40000 ALTER TABLE `kategoria` DISABLE KEYS */;
INSERT INTO `kategoria` VALUES (1,'Gasztron├│mia',NULL),(2,'Irodalom',NULL),(3,'├ëletm├│d, eg├ęszs├ęg',NULL),(4,'Gyermek ├ęs ifj├║s├ígi',NULL),(5,'K├ępreg├ęny ',NULL),(6,'Kert, h├íz, otthon',NULL),(7,'Nyelvk├Ânyv, sz├│t├ír, idegen nyelv┼▒',NULL),(8,'T├Ârt├ęnelem',NULL),(9,'T├ęrk├ęp',NULL),(10,'Tudom├íny ├ęs Term├ęszet',NULL),(11,'K├ępreg├ęny ├ęs Manga',5),(12,'Egyetemes t├Ât├ęnelem, hadt├Ârt├ęnet',8),(13,'Fantasy',2),(14,'Reg├ęny',15),(15,'Sz├ępirodalom',NULL),(16,'Ifj├║s├ígi irodalom',4),(17,'Krimi, b┼▒n├╝gy',2),(18,'T├Ârt├ęnelmi',2),(19,'Sz├│rakoztat├│ Irodalom',2),(20,'Szak├ícsk├Ânyv',1);
/*!40000 ALTER TABLE `kategoria` ENABLE KEYS */;
UNLOCK TABLES;

--
-- Table structure for table `kiado`
--

DROP TABLE IF EXISTS `kiado`;
/*!40101 SET @saved_cs_client     = @@character_set_client */;
/*!50503 SET character_set_client = utf8mb4 */;
CREATE TABLE `kiado` (
  `id` int NOT NULL AUTO_INCREMENT,
  `kiado_nev` varchar(150) COLLATE utf8mb4_hungarian_ci NOT NULL,
  PRIMARY KEY (`id`),
  UNIQUE KEY `kiado_nev` (`kiado_nev`)
) ENGINE=InnoDB AUTO_INCREMENT=16 DEFAULT CHARSET=utf8mb4 COLLATE=utf8mb4_hungarian_ci;
/*!40101 SET character_set_client = @saved_cs_client */;

--
-- Dumping data for table `kiado`
--

LOCK TABLES `kiado` WRITE;
/*!40000 ALTER TABLE `kiado` DISABLE KEYS */;
INSERT INTO `kiado` VALUES (8,'Agave K├Ânyvek Kiad├│ kft.'),(3,'Alexandra kiad├│'),(4,'Alexandra k├Ânyvesh├íz kft.'),(10,'Boook Kiad├│ Kft'),(9,'Carta Teen'),(5,'Eur├│pa K├Ânyvkiad├│'),(15,'Gabo K├Ânyvkiad├│ ├ęs Keresk. Kft.'),(7,'General press kiad├│'),(11,'Hachette Book Group UK'),(6,'Helikon Kiad├│'),(14,'Kodansha America, Inc'),(1,'K├Ânyvmolyk├ępz┼Ĺ Kiad├│ Kft.'),(2,'Men┼Ĺ k├Ânyvek'),(13,'Udon Entertainment Corp'),(12,'Viz Media, Subs. of Shogakukan Inc');
/*!40000 ALTER TABLE `kiado` ENABLE KEYS */;
UNLOCK TABLES;

--
-- Table structure for table `nyelv`
--

DROP TABLE IF EXISTS `nyelv`;
/*!40101 SET @saved_cs_client     = @@character_set_client */;
/*!50503 SET character_set_client = utf8mb4 */;
CREATE TABLE `nyelv` (
  `id` int NOT NULL AUTO_INCREMENT,
  `nyelv_nev` varchar(150) COLLATE utf8mb4_hungarian_ci NOT NULL,
  PRIMARY KEY (`id`),
  UNIQUE KEY `nyelv_nev` (`nyelv_nev`)
) ENGINE=InnoDB AUTO_INCREMENT=3 DEFAULT CHARSET=utf8mb4 COLLATE=utf8mb4_hungarian_ci;
/*!40101 SET character_set_client = @saved_cs_client */;

--
-- Dumping data for table `nyelv`
--

LOCK TABLES `nyelv` WRITE;
/*!40000 ALTER TABLE `nyelv` DISABLE KEYS */;
INSERT INTO `nyelv` VALUES (2,'Angol'),(1,'Magyar');
/*!40000 ALTER TABLE `nyelv` ENABLE KEYS */;
UNLOCK TABLES;

--
-- Table structure for table `szamla`
--

DROP TABLE IF EXISTS `szamla`;
/*!40101 SET @saved_cs_client     = @@character_set_client */;
/*!50503 SET character_set_client = utf8mb4 */;
CREATE TABLE `szamla` (
  `szamla_id` int NOT NULL AUTO_INCREMENT,
  `fizetesi_mod` int NOT NULL,
  `teljesites_kelte` date DEFAULT NULL,
  `szamla_kelte` date NOT NULL,
  `fizetesi_hatarido` date NOT NULL,
  `vevo_id` int NOT NULL,
  `szamlaszam` varchar(15) COLLATE utf8mb4_hungarian_ci NOT NULL,
  PRIMARY KEY (`szamla_id`),
  KEY `FK_szamla_fizetesi_mod` (`fizetesi_mod`),
  KEY `FK_szamla_vevo_id` (`vevo_id`),
  CONSTRAINT `FK_szamla_fizetesi_mod` FOREIGN KEY (`fizetesi_mod`) REFERENCES `fizetesi_mod` (`id`) ON DELETE CASCADE ON UPDATE CASCADE,
  CONSTRAINT `FK_szamla_vevo_id` FOREIGN KEY (`vevo_id`) REFERENCES `vevo` (`id`) ON DELETE CASCADE ON UPDATE CASCADE
) ENGINE=InnoDB DEFAULT CHARSET=utf8mb4 COLLATE=utf8mb4_hungarian_ci;
/*!40101 SET character_set_client = @saved_cs_client */;

--
-- Dumping data for table `szamla`
--

LOCK TABLES `szamla` WRITE;
/*!40000 ALTER TABLE `szamla` DISABLE KEYS */;
/*!40000 ALTER TABLE `szamla` ENABLE KEYS */;
UNLOCK TABLES;

--
-- Table structure for table `szerz┼Ĺ`
--

DROP TABLE IF EXISTS `szerz┼Ĺ`;
/*!40101 SET @saved_cs_client     = @@character_set_client */;
/*!50503 SET character_set_client = utf8mb4 */;
CREATE TABLE `szerz┼Ĺ` (
  `id` int NOT NULL AUTO_INCREMENT,
  `szerzo_nev` varchar(150) COLLATE utf8mb4_hungarian_ci NOT NULL,
  PRIMARY KEY (`id`),
  UNIQUE KEY `szerzo_nev` (`szerzo_nev`)
) ENGINE=InnoDB AUTO_INCREMENT=18 DEFAULT CHARSET=utf8mb4 COLLATE=utf8mb4_hungarian_ci;
/*!40101 SET character_set_client = @saved_cs_client */;

--
-- Dumping data for table `szerz┼Ĺ`
--

LOCK TABLES `szerz┼Ĺ` WRITE;
/*!40000 ALTER TABLE `szerz┼Ĺ` DISABLE KEYS */;
INSERT INTO `szerz┼Ĺ` VALUES (2,'Adam Silvera'),(5,'Agatha Christie'),(12,'Ai Yazawa'),(16,'Aka Akasaka'),(13,'Alice Oseman'),(14,'Atlus'),(4,'Geronimo Stilton'),(17,'Hisato Murasaki'),(3,'Joe Carrot'),(1,'Leigh Bardugo'),(9,'Leiner Laura'),(6,'Madeline Miller'),(8,'Rick Riordan'),(7,'Shelley Parker-Chan'),(15,'Shiramine'),(10,'Suzanne Collins'),(11,'Szab├│ Adrienn');
/*!40000 ALTER TABLE `szerz┼Ĺ` ENABLE KEYS */;
UNLOCK TABLES;

--
-- Table structure for table `termek`
--

DROP TABLE IF EXISTS `termek`;
/*!40101 SET @saved_cs_client     = @@character_set_client */;
/*!50503 SET character_set_client = utf8mb4 */;
CREATE TABLE `termek` (
  `cim` varchar(255) COLLATE utf8mb4_hungarian_ci NOT NULL,
  `kiado_id` int NOT NULL,
  `kiadas_eve` year NOT NULL,
  `nyelv_id` int NOT NULL,
  `oldalak_szama` int NOT NULL,
  `borito_id` int DEFAULT NULL,
  `ISBN` bigint NOT NULL,
  `ar` int NOT NULL,
  `raktar` int NOT NULL DEFAULT '1',
  `kategoria_id` int NOT NULL,
  `tipus_id` int NOT NULL,
  `leiras` longtext COLLATE utf8mb4_hungarian_ci,
  `illusztracio` int DEFAULT NULL,
  PRIMARY KEY (`ISBN`),
  KEY `FK_termek_kiado_id` (`kiado_id`),
  KEY `FK_termek_nyelv_id` (`nyelv_id`),
  KEY `FK_termek_borito_id` (`borito_id`),
  KEY `FK_termek_kategoria_id` (`kategoria_id`),
  KEY `FK_termek_tipus_id` (`tipus_id`),
  KEY `FK_termek_illusztracio` (`illusztracio`),
  CONSTRAINT `FK_termek_borito_id` FOREIGN KEY (`borito_id`) REFERENCES `borito` (`id`) ON DELETE CASCADE ON UPDATE CASCADE,
  CONSTRAINT `FK_termek_illusztracio` FOREIGN KEY (`illusztracio`) REFERENCES `illusztracio` (`id`) ON DELETE CASCADE ON UPDATE CASCADE,
  CONSTRAINT `FK_termek_kategoria_id` FOREIGN KEY (`kategoria_id`) REFERENCES `kategoria` (`id`) ON DELETE CASCADE ON UPDATE CASCADE,
  CONSTRAINT `FK_termek_kiado_id` FOREIGN KEY (`kiado_id`) REFERENCES `kiado` (`id`) ON DELETE CASCADE ON UPDATE CASCADE,
  CONSTRAINT `FK_termek_nyelv_id` FOREIGN KEY (`nyelv_id`) REFERENCES `nyelv` (`id`) ON DELETE CASCADE ON UPDATE CASCADE,
  CONSTRAINT `FK_termek_tipus_id` FOREIGN KEY (`tipus_id`) REFERENCES `tipus` (`id`) ON DELETE CASCADE ON UPDATE CASCADE
) ENGINE=InnoDB DEFAULT CHARSET=utf8mb4 COLLATE=utf8mb4_hungarian_ci;
/*!40101 SET character_set_client = @saved_cs_client */;

--
-- Dumping data for table `termek`
--

LOCK TABLES `termek` WRITE;
/*!40000 ALTER TABLE `termek` DISABLE KEYS */;
INSERT INTO `termek` VALUES ('Egy mar├ęk rozs',5,1977,1,231,10,2399987630880,940,1,17,3,'Rex Fortescue rosszul lesz az irod├íj├íban, a Cityben, ├ęs a k├│rh├ízban meghal. \"A tea...\" - mondta a hal├íla el┼Ĺtt. De a m├ęreg, ami v├ęgzett vele, nem lehetett a te├íban. A zseb├ęben pedig egy mar├ęk rozst tal├ílnak. Gyan├║s├ştottban nincs hi├íny: a n├ęhai p├ęnzm├ígn├ís k├Âzut├ílatnak ├Ârvendett.\r\nNeele fel├╝gyel┼Ĺnek a nyomoz├ísban seg├şt┼Ĺt├írsa is akad hamarosan. A Tiszafa-kunyh├│ba, a Fortescue csal├íd h├íz├íba meg├ęrkezik Miss Marple. Addigra m├ír h├írom hulla van: Adele, Rex feles├ęge ├ęs Gladys, a szobal├íny is gyilkoss├íg ├íldozata lett. Miss Marple, akin├ęl Gladys r├ęgebben szolg├ílt, az ┼Ĺ hal├íla miatt ├írtja bele mag├ít az ├╝gybe. \"Hat hatosr├│l ├ęnekelj\", id├ęzi a gyerekverset, amelyben a p├íst├ętomba s├╝t├Âtt feketerig├│kr├│l is sz├│ esik. Tiszafa-kunyh├│ban pedig n├ęh├íny hete d├Âgl├Âtt rig├│kat tal├íltak!\r\nTal├ín a legcsavarosabb eset ez, amellyel Jane Marple-nek meg kell birk├│znia.',NULL),('Nana, Vol. 1 - Nana',12,2008,2,192,9,9781421501086,3999,10,11,1,'A chance meeting on a train to Tokyo sends two girls named Nana on a collision course with destiny!\r\n\r\nNana \"Hachi\" Komatsu hopes that moving to Tokyo will help her make a clean start and leave her capricious love life behind her. Nana Osaki, who arrives in the city at the same time, has plans to score big in the world of rock\'n\'roll. Although these two young women come from different backgrounds, they quickly become best friends in a whirlwind world of sex, music, fashion, gossip and all-night parties!\r\n\r\nNana Komatsu is a young woman who\'s endured an unending string of boyfriend problems. Moving to Tokyo, she\'s hoping to take control of her life and put all those messy misadventures behind her. She\'s looking for love and she\'s hoping to find it in the big city.\r\n\r\nNana Osaki, on the other hand, is cool, confident and focused. She swaggers into town and proceeds to kick down the doors to Tokyo\'s underground punk scene. She\'s got a dream and won\'t give up until she becomes Japan\'s No. 1 rock\'n\'roll superstar.\r\n\r\nThis is the story of two 20-year-old women who share the same name. Even though they come from completely different backgrounds, they somehow meet and become best friends. The world of Nana is a world exploding with sex, music, fashion, gossip and all-night parties.',4),('Nana, Vol. 2 - Nana',12,2008,2,200,9,9781421503783,3999,11,11,1,'A chance meeting on a train to Tokyo sends two girls named Nana on a collision course with destiny!\r\n\r\nNana \"Hachi\" Komatsu hopes that moving to Tokyo will help her make a clean start and leave her capricious love life behind her. Nana Osaki, who arrives in the city at the same time, has plans to score big in the world of rock\'n\'roll. Although these two young women come from different backgrounds, they quickly become best friends in a whirlwind world of sex, music, fashion, gossip and all-night parties!\r\n\r\nAnxious to get into a Tokyo groove, both women are on the prowl for a funky and cheap place to live. But inexpensive apartments in Japan\'s capital city are hard to find. Thank goodness each Nana has a clique of cool friends willing to help out. Too bad these friends are a little wiggy!',4),('Nana, Vol. 3 - Nana',12,2008,2,192,9,9781421504797,3999,12,11,1,'A chance meeting on a train to Tokyo sends two girls named Nana on a collision course with destiny!\r\n\r\nNana \"Hachi\" Komatsu hopes that moving to Tokyo will help her make a clean start and leave her capricious love life behind her. Nana Osaki, who arrives in the city at the same time, has plans to score big in the world of rock\'n\'roll. Although these two young women come from different backgrounds, they quickly become best friends in a whirlwind world of sex, music, fashion, gossip and all-night parties!\r\n\r\nThings are slowly coming together for Nana Osaki. The guitarist and drummer from her old band have joined her in Tokyo and she\'s finally found a ripping new bass player to replace Ren Honjo. The Black Stones are back and they\'re ready to kick some ass.\r\n\r\nNana Komatsu, however, can\'t shake her old nemesis, the Demon Lord. She\'s stuck in a dead-end job and there\'s trouble brewing with her boyfriend, Shoji. He\'s been working late and hasn\'t exactly been the most attentive lover. Poor Nana. Life in Tokyo is turning out to be a total bummer.',4),('Nana, Vol. 4 - Nana',12,2008,2,192,9,9781421504803,3999,20,11,1,'A chance meeting on a train to Tokyo sends two girls named Nana on a collision course with destiny!\r\n\r\nNana \"Hachi\" Komatsu hopes that moving to Tokyo will help her make a clean start and leave her capricious love life behind her. Nana Osaki, who arrives in the city at the same time, has plans to score big in the world of rock\'n\'roll. Although these two young women come from different backgrounds, they quickly become best friends in a whirlwind world of sex, music, fashion, gossip and all-night parties!\r\n\r\nNana K.\'s perfect Tokyo life is crumbling around her. She can\'t keep a job, she can\'t keep any money, and now it looks like she can\'t even keep her boyfriend! But luckily, a tasty nugget of gossip about Nana O.\'s past love life helps Nana K. keep her mind off her own troubles. If she can play the role of cupid for her best friend, can Nana K. get closer to her own happy ending?',4),('Nana, Vol. 5 - Nana',12,2008,2,200,9,9781421510194,3999,6,11,1,'A chance meeting on a train to Tokyo sends two girls named Nana on a collision course with destiny!\r\n\r\nNana \"Hachi\" Komatsu hopes that moving to Tokyo will help her make a clean start and leave her capricious love life behind her. Nana Osaki, who arrives in the city at the same time, has plans to score big in the world of rock\'n\'roll. Although these two young women come from different backgrounds, they quickly become best friends in a whirlwind world of sex, music, fashion, gossip and all-night parties!\r\n\r\nNana K. is going home--for an awesome Trapnest concert! She drags Nana O. along, convinced that somehow Ren will sense his ex-flame in the audience. But life is never that easy, and Nana O. isn\'t sure if she even wants Ren back. As for Nana K., is she prepared for Trapnest to come down off the stage and into her life, or will her fan-girl attitude land her in a heap of trouble?',4),('Nana, Vol. 6 - Nana',12,2008,2,192,9,9781421510200,3999,30,11,1,'A chance meeting on a train to Tokyo sends two girls named Nana on a collision course with destiny!\r\n\r\nNana \"Hachi\" Komatsu hopes that moving to Tokyo will help her make a clean start and leave her capricious love life behind her. Nana Osaki, who arrives in the city at the same time, has plans to score big in the world of rock\'n\'roll. Although these two young women come from different backgrounds, they quickly become best friends in a whirlwind world of sex, music, fashion, gossip and all-night parties!\r\n\r\nNana\'s band Blast is taking off in a big way--from sold-out club dates to a record label waving a contract at them. But the Trapnest menace still lurks, stealing away everything she cares for. Trapnest took her boyfriend, and even though Ren is back in her life, his band still comes first. And now her trusty sidekick Hachi is being lured away by Trapnest bassist Takumi. But this time, Nana won\'t give up without a fight!',4),('Nana, Vol. 7 - Nana',12,2008,2,208,9,9781421510217,3999,21,11,1,'A chance meeting on a train to Tokyo sends two girls named Nana on a collision course with destiny!\r\n\r\nNana \"Hachi\" Komatsu hopes that moving to Tokyo will help her make a clean start and leave her capricious love life behind her. Nana Osaki, who arrives in the city at the same time, has plans to score big in the world of rock\'n\'roll. Although these two young women come from different backgrounds, they quickly become best friends in a whirlwind world of sex, music, fashion, gossip and all-night parties!\r\n\r\nHachi was happy to be Blast\'s biggest cheerleader, but now that the band is taking off, she\'s discovering that there are hordes of fans eager to take her place. At the same time, her involvement with Trapnest hottie Takumi is turning into a romantic entanglement she hadn\'t expected. When a chance for another kind of happiness presents itself, will Hachi be strong enough to face the difficult choices that result?',4),('Nana, Vol. 8 - Nana',12,2008,2,200,9,9781421515397,3999,12,11,1,'A chance meeting on a train to Tokyo sends two girls named Nana on a collision course with destiny!\r\n\r\nNana \"Hachi\" Komatsu hopes that moving to Tokyo will help her make a clean start and leave her capricious love life behind her. Nana Osaki, who arrives in the city at the same time, has plans to score big in the world of rock\'n\'roll. Although these two young women come from different backgrounds, they quickly become best friends in a whirlwind world of sex, music, fashion, gossip and all-night parties!\r\n\r\nHachi\'s happiness with Nobu is slipping through her fingers as an unexpected complication with Takumi threatens to upend her entire life. And unlike her past romantic woes, the choice she makes now will change the lives of everyone around her.',4),('Nana, Vol. 9 - Nana',12,2008,2,280,9,9781421517452,3999,8,11,1,'A chance meeting on a train to Tokyo sends two girls named Nana on a collision course with destiny!\r\n\r\nNana \"Hachi\" Komatsu hopes that moving to Tokyo will help her make a clean start and leave her capricious love life behind her. Nana Osaki, who arrives in the city at the same time, has plans to score big in the world of rock\'n\'roll. Although these two young women come from different backgrounds, they quickly become best friends in a whirlwind world of sex, music, fashion, gossip and all-night parties!\r\n\r\nTakumi and Hachi are getting married, but it\'s far from a joyous announcement. Nobu and Nana are devastated, and even Takumi\'s bandmates take the news hard. With paparazzi skulking around for a new scandal to exploit and tensions between Trapnest and Blast on high alert, will Hachi ever get her happily ever after?',4),('Nana, Vol. 10 - Nana',12,2008,2,280,9,9781421517469,3999,22,11,1,'A chance meeting on a train to Tokyo sends two girls named Nana on a collision course with destiny!\r\n\r\nNana \"Hachi\" Komatsu hopes that moving to Tokyo will help her make a clean start and leave her capricious love life behind her. Nana Osaki, who arrives in the city at the same time, has plans to score big in the world of rock\'n\'roll. Although these two young women come from different backgrounds, they quickly become best friends in a whirlwind world of sex, music, fashion, gossip and all-night parties!\r\n\r\nBeing engaged isn\'t as wonderful as Hachi thought it would be. She has a trendy new apartment, but she\'s isolated from all her friends and Takumi is hardly ever home. When scandal hits hard, Trapnest (and her fianc├ę) flee to Europe, and Hachi is left to watch Blast suffer in the scandal rags and tabloid shows.',4),('Nana, Vol. 11 - Nana',12,2008,2,256,9,9781421517476,3999,19,11,1,'A chance meeting on a train to Tokyo sends two girls named Nana on a collision course with destiny!\r\n\r\nNana \"Hachi\" Komatsu hopes that moving to Tokyo will help her make a clean start and leave her capricious love life behind her. Nana Osaki, who arrives in the city at the same time, has plans to score big in the world of rock\'n\'roll. Although these two young women come from different backgrounds, they quickly become best friends in a whirlwind world of sex, music, fashion, gossip and all-night parties!\r\n\r\nWith the tabloids still out for blood, Nana and her Blast bandmates move into a weird dorm building run by their agency. But they\'ve barely got enough time to settle into their new digs because their crammed schedule has them running from music studio to TV interview. The stress of band life and dealing with a disintegrating Ren have started to take their toll on Nana. If she collapses now, will she ever get back up?',4),('Nana, Vol. 12 - Nana',12,2009,2,208,9,9781421518794,3999,20,11,1,'A chance meeting on a train to Tokyo sends two girls named Nana on a collision course with destiny!\r\n\r\nNana \"Hachi\" Komatsu hopes that moving to Tokyo will help her make a clean start and leave her capricious love life behind her. Nana Osaki, who arrives in the city at the same time, has plans to score big in the world of rock\'n\'roll. Although these two young women come from different backgrounds, they quickly become best friends in a whirlwind world of sex, music, fashion, gossip and all-night parties!\r\n\r\nHachi tells herself that she\'s got her eye on the future and her life with Takumi, but she just can\'t let go of the past and her friendship with Nana and the rest of Blast--especially Nobu. And the tangle gets thicker when Hachi\'s wedding has to be postponed in favor of Nana and Ren\'s nuptials. Can Hachi handle another delay in her happily-ever-after?',4),('Nana, Vol. 13 - Nana',12,2009,2,200,9,9781421518800,3999,13,11,1,'A chance meeting on a train to Tokyo sends two girls named Nana on a collision course with destiny!\r\n\r\nNana \"Hachi\" Komatsu hopes that moving to Tokyo will help her make a clean start and leave her capricious love life behind her. Nana Osaki, who arrives in the city at the same time, has plans to score big in the world of rock\'n\'roll. Although these two young women come from different backgrounds, they quickly become best friends in a whirlwind world of sex, music, fashion, gossip and all-night parties!\r\n\r\nHachi hasn\'t seen Nana or the rest of Blast since she moved in with Takumi, and Shin and Reira\'s joint birthday party seems like the perfect chance for a little reunion. But Takumi is furious at Hachi for crashing the event, and she is forced to choose Takumi over Nana one more time. But was this Hachi\'s last chance to get back in Nana\'s life?',4),('Nana, Vol. 14 - Nana',12,2009,2,200,9,9781421519722,3999,3,11,1,'A chance meeting on a train to Tokyo sends two girls named Nana on a collision course with destiny!\r\n\r\nNana \"Hachi\" Komatsu hopes that moving to Tokyo will help her make a clean start and leave her capricious love life behind her. Nana Osaki, who arrives in the city at the same time, has plans to score big in the world of rock\'n\'roll. Although these two young women come from different backgrounds, they quickly become best friends in a whirlwind world of sex, music, fashion, gossip and all-night parties!\r\n\r\nAs Blast gears up for their major label debut, their fan club starts mobilizing. Led by the chic Shion, these ladies are serious fans who won\'t let anyone mess with their band. But the fan club has it out for Misato, a maverick fan who has gotten too close to Nana. What will they say when they find out Misato is applying for a job with Blast?!',4),('Nana, Vol. 15 - Nana',12,2009,2,200,9,9781421523743,3999,7,11,1,'A chance meeting on a train to Tokyo sends two girls named Nana on a collision course with destiny!\r\n\r\nNana \"Hachi\" Komatsu hopes that moving to Tokyo will help her make a clean start and leave her capricious love life behind her. Nana Osaki, who arrives in the city at the same time, has plans to score big in the world of rock\'n\'roll. Although these two young women come from different backgrounds, they quickly become best friends in a whirlwind world of sex, music, fashion, gossip and all-night parties!\r\n\r\nOne of the tabloids hounding Blast and Trapnest has photos that make it look like Reira and Ren are having an affair. With Nana and RenÔÇÖs engagement recently made public, the photos could spell doom for both bands. TakumiÔÇÖs willing to do whatever it takes to save his band, but how will it affect Hachi and the happily ever after sheÔÇÖs still hoping for?',4),('Nana, Vol. 16 - Nana',12,2009,2,264,9,9781421523750,3999,10,11,1,'A chance meeting on a train to Tokyo sends two girls named Nana on a collision course with destiny!\r\n\r\nNana \"Hachi\" Komatsu hopes that moving to Tokyo will help her make a clean start and leave her capricious love life behind her. Nana Osaki, who arrives in the city at the same time, has plans to score big in the world of rock\'n\'roll. Although these two young women come from different backgrounds, they quickly become best friends in a whirlwind world of sex, music, fashion, gossip and all-night parties!\r\n\r\nBlast is at the top of the charts, and the band is making all kinds of P.R. appearances. Nana just wants to sing though, and all the marketing is starting to wear on her. A party planned for the loyal fans might be just what she needs to cheer her up. But there are secrets about her past lurking in Osaka, and the magazine Search Weekly is determined to bring them to light!',4),('Nana, Vol. 17 - Nana',12,2009,2,200,9,9781421523767,3999,21,11,1,'A chance meeting on a train to Tokyo sends two girls named Nana on a collision course with destiny!\r\n\r\nNana \"Hachi\" Komatsu hopes that moving to Tokyo will help her make a clean start and leave her capricious love life behind her. Nana Osaki, who arrives in the city at the same time, has plans to score big in the world of rock\'n\'roll. Although these two young women come from different backgrounds, they quickly become best friends in a whirlwind world of sex, music, fashion, gossip and all-night parties!\r\n\r\nEver since she got engaged to Takumi and moved out of apartment 707, Hachi has felt like she\'s slipping out of Nana\'s life. When the tabloids start digging up Nana\'s troubled family history, Hachi tries to step in and take care of things. But the price for bringing down Blast keeps going up. Will Hachi\'s good intentions just make things worse?!',4),('Nana, Vol. 18 - Nana',12,2009,2,256,9,9781421526706,3999,13,11,1,'A chance meeting on a train to Tokyo sends two girls named Nana on a collision course with destiny!\r\n\r\nNana \"Hachi\" Komatsu hopes that moving to Tokyo will help her make a clean start and leave her capricious love life behind her. Nana Osaki, who arrives in the city at the same time, has plans to score big in the world of rock\'n\'roll. Although these two young women come from different backgrounds, they quickly become best friends in a whirlwind world of sex, music, fashion, gossip and all-night parties!\r\n\r\nThings aren\'t looking good for Blast. Shin, under extreme stress from the band\'s rising success and his relationship with Reira, seeks out reconciliation wherever he can. Reestablishing ties with his own family turns out to be a horrible failure, and before he can connect Nana with her unknown little sister, Shin gets arrested! Is this the end of Blast?!',4),('Nana, Vol. 19 - Nana',12,2009,2,194,9,9781421526713,3999,3,11,1,'A chance meeting on a train to Tokyo sends two girls named Nana on a collision course with destiny!\r\n\r\nNana \"Hachi\" Komatsu hopes that moving to Tokyo will help her make a clean start and leave her capricious love life behind her. Nana Osaki, who arrives in the city at the same time, has plans to score big in the world of rock\'n\'roll. Although these two young women come from different backgrounds, they quickly become best friends in a whirlwind world of sex, music, fashion, gossip and all-night parties!\r\n\r\nThe tabloid feeding frenzy has finally brought Blast down, but Nana is determined to keep hope alive. She\'s going to take a gig as a solo artist and even accept acting jobs she has no interest in. As long as she keeps herself in the spotlight, she knows there\'s a chance Blast can make a comeback. But while all eyes are on Nana, what\'s happening to her friends in the background?!',4),('Nana, Vol. 20 - Nana',12,2010,2,194,9,9781421530758,3999,9,11,1,'A chance meeting on a train to Tokyo sends two girls named Nana on a collision course with destiny!\r\n\r\nNana \"Hachi\" Komatsu hopes that moving to Tokyo will help her make a clean start and leave her capricious love life behind her. Nana Osaki, who arrives in the city at the same time, has plans to score big in the world of rock\'n\'roll. Although these two young women come from different backgrounds, they quickly become best friends in a whirlwind world of sex, music, fashion, gossip and all-night parties!\r\n\r\nRen\'s drug use is spiraling out of control and he doesn\'t want to drag Trapnest down with him. Neither Takumi nor Reira are willing to let Ren quit the band, and both do their best to give him the time he needs to get it together. But Ren isn\'t sure this is something he can handle on his own. Will he turn to Nana for help, or will their strained relationship make him try to face his demons alone?',4),('Nana, Vol. 21 - Nana',12,2010,2,192,9,9781421533087,3999,18,11,1,'A chance meeting on a train to Tokyo sends two girls named Nana on a collision course with destiny!\r\n\r\nNana \"Hachi\" Komatsu hopes that moving to Tokyo will help her make a clean start and leave her capricious love life behind her. Nana Osaki, who arrives in the city at the same time, has plans to score big in the world of rock\'n\'roll. Although these two young women come from different backgrounds, they quickly become best friends in a whirlwind world of sex, music, fashion, gossip and all-night parties!\r\n\r\nTragedy strikes as the Search Weekly team takes their snooping too far! Hounded to the limit by remorseless reporters, Ren spins his car off the icy road in a horrible accident that will change the course of everyone\'s future...',4),('Fate/grand Order -mortalis:stella- 1 (manga)',14,2023,2,217,6,9781632368843,6800,11,11,1,'The official manga adaptation of one of the most popular mobile games in the world! Dive into the time-traveling fantasy story that has enthralled millions! Fans, return to where it all began - 2004 A.D., the Fuyuki Singularity. The story of FGO has never looked better. From 28, the artist of the Tales of Zestiria manga!',4),('Fate/Grand Order -mortalis:stella- 2 (Manga) - Fate/Grand Order (Manga) 2',14,2023,2,205,6,9781632369079,7000,12,11,1,'One of the most popular mobile games in the world makes its long-awaited return with Vol. 2! Continue the time-traveling fantasy story that has enthralled millions, in a new adaptation from 28, the artist behind Tales of Zestiria!\nA NEW GRAND ORDER\nThe year is 2016, and glitches found in humanity\'s past threaten the sustainability of its future. The Chaldea Security Organization-tasked with preserving human history for as long and as strongly as possible-has developed a new method of time travel to repair these events, stabilizing humanity\'s future. But when an unknown threat pushes mankind to the brink of extinction, young recruits Mash Kyrielight and Ritsuka Fujimaru find themselves at the helm of the rescue mission: Obtain the Holy Grail in a face off against fate itself...\nThe official adaptation of the 9 phenomenon that has become one of the most popular mobile games in the world!',4),('Fate/Grand Order -mortalis:stella- 3 (Manga) - Fate/Grand Order (Manga) 3',14,2023,2,208,6,9781646513604,6700,13,11,1,'The year is 2016, and glitches found in humanity\'s past threaten the sustainability of its future. The Chaldea Security Organization-tasked with preserving human history for as long and as strongly as possible-has developed a new method of time travel to repair these events, stabilizing humanity\'s future. But when an unknown threat pushes mankind to the brink of extinction, young recruits Mash Kyrielight and Ritsuka Fujimaru find themselves at the helm of the rescue mission: Obtain the Holy Grail in a face off against fate itself...',4),('Persona 4 Volume 8 Volume 8 - Persona 4',13,2025,2,165,5,9781772940763,4350,14,11,1,'Rise turns the Investigation Team into a music band! ÔÇŽno, really! ItÔÇÖs Yosuke on guitar! Yukiko on saxophone! Teddie on bongos! ItÔÇÖs a symphonic scheme to help save Junes from financial disaster! Based on the popular Persona 4 video game!',4),('Persona 3 Volume 9 Volume 9 - Persona 3',13,2025,2,170,7,9781772940800,4674,23,11,1,'In the wake of a miraculous happening, it becomes apparent that hope lives on. There is a reason to go on fighting. The destruction of the Dark Hour may erase all memories of their days fighting together... but they will not forget.',4),('Persona 3 Volume 11 Volume 11 - Persona 3',13,2025,2,154,7,9781772940824,4532,12,11,1,'The final chapter of Persona 3! Nyx\'s influence is breaking down the barrier between the Dark Hour and reality. Only the Specialized Extracurricular Execution Squad stand in the way of the end of everything.',4),('Persona 4 Volume 9 Volume 9 - Persona 4',13,2025,2,186,7,9781772940886,3565,21,11,1,'The school festivities continue as the gang participates in the Miss Yasogami Contest ÔÇô a beauty pageant for the girls, and a drag queen competition for the boys! ItÔÇÖs a golden opportunity for fun in the latest volume of the Persona 4 manga!',4),('Persona 4 Volume 10 Volume 10 - Persona 4',13,2025,2,180,5,9781772940893,4500,12,11,1,'Detective Dojima has been hospitalized, while young Nanako has been kidnapped to the TV World. Soji leads the investigation team on an urgent mission to save his smallest family member. Based the Persona 4 video game!',4),('Persona 4 Volume 12 Volume 12 - Persona 4',13,2025,2,165,5,9781772941333,5000,13,11,1,'The true murderer has been revealed, and the Investigation Team must return to the Midnight Channel to finally bring the case to an end. Based the Persona 4 video game!',4),('Persona 4 Arena Volume 1 Volume 1 - Persona 4 Arena',13,2025,2,143,7,9781772942521,4353,12,11,1,'The casts of PERSONA 3 and PERSONA 4 collide!\n\nA dormant anti-shadow suppression weapon named Labrys has been stolen! Mitsuru Kirijo and Aigis begin investigating its whereabouts. Meanwhile Yu Narukami returns to Inaba to reunite with his friends, the Investigation Team. What he finds waiting for him there is a strange fighting tournament held inside the TV World!',4),('Persona 4 Arena Volume 2 Volume 2 - Persona 4 Arena',13,2025,2,165,7,9781772942538,4500,21,11,1,'The casts of PERSONA 3 and PERSONA 4 collide!\n\nSomeone has stolen the anti-shadow suppression weapon named Labrys, and the trail leads into the TV World. There, all the persona users on the chase are forced to participate in the strange \"P-1 Grand Prix\" tournament. It\'s Aigis VS Kanji, and Yosuke VS Chie! Who will walk away in the end?!',4),('Persona 4 Arena Volume 3 Volume 3 - Persona 4 Arena',13,2025,2,163,7,9781772942545,5000,67,11,1,'The casts of PERSONA 3 and PERSONA 4 collide!\n\nThe P-1 Grand Prix reaches its climax! Though it hurt them to fight against their friends, both physically and emotionally, the Investigation Team slowly gets closer to the truth. What shocking secrets are hidden in the stolen Labrys\' past?! And how will the P-1 Grand Prix end?!',4),('Persona 4 Arena Ultimax Volume 1 Volume 1 - Persona 4 Arena Ultimax',13,2025,2,156,7,9781772942552,4678,32,11,1,'The action continues for the united casts of PERSONA 3 and PERSONA 4!\n\nIt began two months after the end of 3\' smash hit RPG Persona 4, when the Investigation Team was promptly swept up in a strange fighting tournament run by the mysterious General Teddie. After a long series of vicious battles the Team defeated the mastermind. But the peace hasn\'t lasted long! General Teddie returns and proclaims the start of the P-1 Climax! Then there\'s the mysterious boy Sho Minazuki, and even Tohru Adachi joins the tournament. Where will the story go next?!',4),('Persona 4 Arena Ultimax Volume 2 Volume 2 - Persona 4 Arena Ultimax',13,2025,2,176,7,9781772942569,2343,2,11,1,'The action continues for the united casts of PERSONA 3 and PERSONA 4!\n\nThe mysterious General Teddie has returned, and he drags the Investigation Team into a new tournament; the P-1 Climax! With no way to back out, they have no choice but to keep winning or the world will be destroyed! With the fate of several of his friends unknown, Yu breaches the enemy base, learning the secrets of Sho Minazuki, and the truth behind the vicious death matches.',4),('Persona 4 Arena Ultimax Volume 3 Volume 3 - Persona 4 Arena Ultimax',13,2025,2,176,7,9781772942576,3787,12,11,1,'The action continues for the united casts of PERSONA 3 and PERSONA 4!\n\nThe Kingpin of Steel rages! The Queen of Executions advances! The Cabbage Cop smirks! While some of his teammates are still missing, Yu confronts Sho and meets the other \"Sho Minazuki\" living inside Sho\'s mind. Meanwhile, Tohru Adachi discovers the terrifying reason that he was invited to the P-1 Climax!',4),('Persona 4 Arena Ultimax Volume 4 Volume 4 - Persona 4 Arena Ultimax',13,2025,2,154,7,9781772942583,2345,12,11,1,'The action continues for the united casts of PERSONA 3 and PERSONA 4!\n\nYu Narukami, who faces off against the true mastermind behind the tournamentÔÇŽ Tohru Adachi, whose life was in danger thanks to a hidden power he held... and Shu Minazuki, who desperately wanted to forge a bond with his foster father Shuji Ikutsuki. When these three meet at the final battlefield, the full truth behind the P-1 Climax will come to light!',4),('Six of Crows - Book 1 ',11,2016,2,494,8,9781780622286,6165,42,13,1,'Criminal prodigy Kaz Brekker is offered a chance at a deadly heist that could make him rich beyond his wildest dreams - but he can\'t pull it off alone.\r\n\r\nA convict with a thirst for revenge.\r\nA sharpshooter who can\'t walk away from a wager.\r\nA runaway with a privileged past.\r\nA spy known as the Wraith.\r\nA Heartrender using her magic to survive the slums.\r\nA thief with a gift for unlikely escapes.\r\n\r\nSix dangerous outcasts. One impossible heist.\r\n\r\nKaz\'s crew is the only thing that might stand between the world and destruction - if they don\'t kill each other first.',NULL),('Crooked Kingdom - Six of Crows Book 2 ',11,2017,2,536,8,9781780622316,6165,43,13,1,'Welcome to the world of the Grisha.\r\n\r\nKaz Brekker and his crew of deadly outcasts have just pulled off a heist so daring even they didn\'t think they\'d survive. But instead of divvying up a fat reward, they\'re right back to fighting for their lives.\r\n\r\nDouble-crossed and badly weakened, the crew is low on resources, allies, and hope. As powerful forces from around the world descend on Ketterdam to root out the secrets of the dangerous drug known as jurda parem, old rivals and new enemies emerge to challenge Kaz\'s cunning and test the team\'s fragile loyalties.\r\n\r\nA war will be waged on the city\'s dark and twisting streets - a battle for revenge and redemption that will decide the fate of the Grisha world.',NULL),('Persona 4 Volume 1 Volume 1 - Persona 4',13,2025,2,160,5,9781927925577,3999,15,11,1,'Following a string of mysterious murders, transfer student Soji Seta and his\nnew friends have followed the legend of the Midnight Channel and found\n\nthemselves pulled into another dimension! In this twisted TV world, a\n\npersonÔÇÖs innermost secrets materialize as a Shadow ÔÇö an entity that\n\nmay become a powerful ally, or something much worse...\n\nBased on the popular Persona 4 video game!\n',4),('Persona 4 Volume 2 Volume 2 - Persona 4',13,2025,2,194,5,9781927925669,4600,15,11,1,'Soji, Yosuke, and Chie are hot on the trail of the Inabi kidnapping victims... which now include Chie\'s best friend Yukiko! Now, with the help of their strange new ally Teddie, our heroes venture into the TV World again to get Yukiko back. Based on the popular Persona 4 video game!',4),('Persona 4 Volume 3 Volume 3 - Persona 4',13,2025,2,175,7,9781927925799,3567,43,11,1,'Teen brawler Kanji Tatsumi barrels onto the scene! Will this rough & tumble juvenile delinquent help or hinder the search for the truth about the Midnight Channel? Based on the popular Persona 4 video game!',4),('Persona 4 Volume 4 Volume 4 - Persona 4',13,2025,2,170,5,9781927925812,4000,3,11,1,'Superstar teen idol Rise Kujikawa escapes to Inaba for a much-needed break from the limelight, and the usually sleepy town is caught in the grip of celebrity fever! But when Rise suddenly appears on the Midnight Channel and goes missing soon thereafter, itÔÇÖs up to Soji, Chie, and the rest of the crew to rescue her from the TV World and figure out what ÔÇô if anything ÔÇô Rise shares in common with the previous kidnapping victims. Based on the popular Persona 4 video game!',4),('Persona 4 Volume 5 Volume 5 - Persona 4',13,2025,2,167,5,9781927925829,4700,12,11,1,'With Rise rescued and now in possession of her own Persona, Soji and friends welcome a powerful new ally into the fold. But just as things are looking up, the body of InabaÔÇÖs latest murder victim is discovered ÔÇô and the victimÔÇÖs identity turns our heroesÔÇÖ investigation upside-down. Meanwhile, Teddie does some much-needed soul searchingÔÇŽ and what he finds is much more than anyone bear-gained for! Based on the popular Persona 4 video game!',4),('Persona 4 Volume 6 Volume 6 - Persona 4',13,2025,2,167,5,9781927925836,4500,7,11,1,'With the murderer Mitsuo Kubo apprehended and the case seemingly closed, life in Inaba returns to normal just in time for Soji and his friends to enjoy a well-earned summer vacation. But moving on is proving especially difficult for Naoki Konishi, for whom time has stood still ever since his sister Saki became the second murder victim. Can he and Yosuke find the peace theyÔÇÖre seeking, and is Soji and friendsÔÇÖ investigation truly over? Based on the popular Persona 4 video game!',4),('Persona 3 Volume 1 Volume 1 - Persona 3',13,2025,2,162,2,9781927925850,3999,343,11,1,'Between one day and the next, inserting itself into reality at midnight, sits the Dark Hour. Few know about this special time that separates humans from the dangerous creatures known as Shadows. It is here that a group of students finds the ability to summon their inner selves - their \"Personas\" - to do battle with the Shadows before they can consume the minds of humanity.',4),('Persona 3 Volume 2 Volume 2 - Persona 3',13,2025,2,145,7,9781927925867,4564,11,11,1,'Life isnÔÇÖt easy when youÔÇÖre a transfer student ÔÇô just ask Minato Arisato, Gekkoukan High SchoolÔÇÖs newest transfer student. Strangers and unfamiliar scenery aside, Minato also has to contend with the fact that his school transforms into a Shadow-filled tower called Tartarus every night during the Dark Hour! Minato and two of his new friends ÔÇô Yukari and Junpei ÔÇô set out to investigate Tartarus to see what they can learn about this phenomenon, but can three high school students with little to no combat experience possibly survive the towerÔÇÖs horrors?',4),('Persona 3 Volume 3 Volume 3 - Persona 3',13,2025,2,165,7,9781927925874,4543,43,11,1,'With the formation of the Specialized Extracurricular Execution Squad (S.E.E.S.), Minato, Mitsuru, Akihiko, and the rest have taken it upon themselves to combat the threat that Tartarus and the Shadows therein represent. When they learn that the soft-spoken Fuuka may have become trapped in Tartarus during the Dark Hour, they mount a desperate rescue attempt ÔÇô but will they reach Fuuka in time to save her?',4),('Persona 3 Volume 4 Volume 4 - Persona 3',13,2025,2,154,7,9781927925881,5356,32,11,1,'This next thrilling volume of the Persona 3 manga series is all about revelations as the intrepid members of S.E.E.S. visit the Kirijou family cottage and learn some surprising truths from MitsuruÔÇÖs father about the events surrounding Tartarus, the Dark Hour, and their own continuing battle against the encroaching Shadows. The weight of these truths proves especially heavy for Yukari and Mitsuru, but if they can bear this burden, their shared struggle may give rise to new powerÔÇŽ',4),('Persona 3 Volume 5 Volume 5 - Persona 3',13,2025,2,183,7,9781927925898,2342,12,11,1,'If you thought Shadows were the only enemies S.E.E.S. would ever have to fight, think again! ItÔÇÖs an all-out battle between Persona users as S.E.E.S. comes into direct conflict with Strega, an extremist group using the Dark Hour for their own personal gain. Even with AkihikoÔÇÖs old friend Shinjiro and the surprisingly mature elementary school student Ken Amada as S.E.E.S.ÔÇÖ newest recruits, Minato and friends are in for their toughest battle yet!',4),('Persona 3 Volume 6 Volume 6 - Persona 3',13,2025,2,165,7,9781927925904,4654,5,11,1,'This next thrilling volume of the Persona 3 manga series is all about revelations as the intrepid members of S.E.E.S. visit the Kirijou family cottage and learn some surprising truths from MitsuruÔÇÖs father about the events surrounding Tartarus, the Dark Hour, and their own continuing battle against the encroaching Shadows. The weight of these truths proves especially heavy for Yukari and Mitsuru, but if they can bear this burden, their shared struggle may give rise to new powerÔÇŽ',4),('Kaguya-sama: Love Is War, Vol. 1 - Kaguya-sama: Love is War',12,2024,2,216,3,9781974700301,5476,12,11,1,'Two high school geniuses scheme to get the other to confess their love first.\n\nTwo geniuses. Two brains. Two hearts. One battle. Who will confess their love firstÔÇŽ?!\n\nAs leaders of their prestigious academyÔÇÖs student council, Kaguya and Miyuki are the elite of the elite! But itÔÇÖs lonely at the topÔÇŽ Luckily for them, theyÔÇÖve fallen in love! ThereÔÇÖs just one problemÔÇöthey both have too much pride to admit it. And so begins the daily scheming to get the object of their affection to confess their romantic feelings firstÔÇŽ',4),('Kaguya-sama: Love Is War, Vol. 2 - Kaguya-sama: Love is War',12,2024,2,210,3,9781974700318,4353,11,11,1,'Two high school geniuses scheme to get the other to confess their love first.\n\nTwo geniuses. Two brains. Two hearts. One battle. Who will confess their love firstÔÇŽ?!\n\nWill a mysterious love letter to Kaguya make Miyuki jealous? Is drinking from a coffee cup with KaguyaÔÇÖs lipstick on the rim an indirect kiss? How will Miyuki react when Kaguya says sheÔÇÖs ÔÇťdone itÔÇŁ before? Then, MiyukiÔÇÖs phobia is revealed, the student council VP of Shuchiin AcademyÔÇÖs sister school in France displays epic Gallic rudeness, and the student council tries on some costumesÔÇŽ Nobody can resist cat ears.',4),('Kaguya-sama: Love Is War, Vol. 3 - Kaguya-sama: Love is War',12,2024,2,209,3,9781974700325,3556,1,11,1,'Two high school geniuses scheme to get the other to confess their love first.\n\nTwo geniuses. Two brains. Two hearts. One battle. Who will confess their love firstÔÇŽ?!\n\nWill Kaguya and Miyuki share the shelter of an umbrella in a storm? Is carrying a knife dripping with blood proof that Kaguya is trying to kill a member of the student council? How will Kaguya react when Chika introduces her to potty humor? Then, Chika must intervene when Miyuki dispenses bad advice on a topic he knows nothing about, Miyuki tries to develop his kinesthetic intelligence, and Kaguya and her personal assistant play a practical joke on Miyuki that has dire consequences.\n\nCaffeine is required drinking.',4),('Kaguya-sama: Love Is War, Vol. 4 - Kaguya-sama: Love is War',12,2024,2,214,3,9781974700493,5787,32,11,1,'Two high school geniuses scheme to get the other to confess their love first.\n\nTwo geniuses. Two brains. Two hearts. One battle. Who will confess their love firstÔÇŽ?!\n\nWill Kaguya and Miyuki outsmart a psychological test designed to reveal their true feelings? Is spoon-feeding each other cake the way to each otherÔÇÖs hearts? Then, Miyuki visits KaguyaÔÇÖs home for the first time, but she is too sick to enjoy it. Kaguya tries to befriend MiyukiÔÇÖs little sister, but Chika has beaten her to the punch. And summer vacation arrives, but the student council still hasnÔÇÖt agreed on a destination.\n\nFireworks are supposed to be romantic.',4),('Kaguya-sama: Love Is War, Vol. 5 - Kaguya-sama: Love is War',12,2024,2,267,3,9781974700509,6700,41,11,1,'Two high school geniuses scheme to get the other to confess their love first.\n\nTwo geniuses. Two brains. Two hearts. One battle. Who will confess their love firstÔÇŽ?!\n\nWill Kaguya and Miyuki find a way to see each other sooner rather than later over summer vacation? And is tweeting really an effective way to communicate with your crush? Then, KaguyaÔÇÖs overprotective staff try to prevent her from going to the fireworks festival with the rest of the student council. Miyuki and Kaguya both try to find a way to enroll in the same elective class. And someone tries to celebrate someone elseÔÇÖs birthday with style!\n\nSome people believe the stars determine your compatibility.',4),('Kaguya-sama: Love Is War, Vol. 6 - Kaguya-sama: Love is War',12,2024,2,231,3,9781974701384,5000,4,11,1,'Two high school geniuses scheme to get the other to confess their love first.\n\nTwo geniuses. Two brains. Two hearts. One battle. Who will confess their love firstÔÇŽ?!\n\nWill Kaguya figure out what Miyuki wants for his birthday plus present him with the perfect cake? Is treasurer Yu flunking out of school and beyond helpÔÇŽor can the one he fears most get him back on track? Then the romantic autumn moon-viewing festival leads to some stellar night moves. The student council plays a role-playing game in which at least one member doesnÔÇÖt get to play out their fantasy. Ai assumes an alter ego to prove she can get Miyuki to fall in love with her in just one day. And MiyukiÔÇÖs time as student council president is up!\n\nWe play many roles in life.',4),('Kaguya-sama: Love Is War, Vol. 7 - Kaguya-sama: Love is War',12,2024,2,215,3,9781974701391,5699,9,11,1,'Two high school geniuses scheme to get the other to confess their love first.\n\nTwo geniuses. Two brains. Two hearts. One battle. Who will confess their love firstÔÇŽ?!\n\nWill Miyuki get reelected as student council president? Is newcomer Miko Ino going to be serious competitionÔÇŽor a school laughingstock? Then, Kaguya and Miyuki draw each other in art class (results may vary). Yu wants to do the right thing. Miyuki catches up on sleep, which has an unexpected effect on his attractiveness to womenÔÇöespecially Kaguya. And Kaguya anxiously awaits a certain invitation.\n\nDoes underwear make the man?',4),('Kaguya-sama: Love Is War, Vol. 8 - Kaguya-sama: Love is War',12,2024,2,275,3,9781974704408,5999,13,11,1,'Two high school geniuses scheme to get the other to confess their love first.\n\nTwo geniuses. Two brains. Two hearts. One battle. Who will confess their love firstÔÇŽ?!\n\nWill MiyukiÔÇÖs hormones keep him loyal to Kaguya or lead him astray? Meanwhile, Miko is interpreting everything she observes in the student council as risqu├ę. Then, a shojo manga makes everyone romance crazy. Somebody actually, finally asks somebody out! And Kaguya and Miyuki accidentally get locked inside a room togetherÔÇŽ\n\nLovesick: figure of speech or actual ailment?',4),('Kaguya-sama: Love Is War, Vol. 9 - Kaguya-sama: Love is War',12,2024,2,250,3,9781974705092,6500,2,11,1,'Two high school geniuses scheme to get the other to confess their love first.\n\nTwo geniuses. Two brains. Two hearts. One battle. Who will confess their love firstÔÇŽ?!\n\nWill Chika agree to train Miyuki one more time to make up for yet another of his surprising deficiencies? Then, MiyukiÔÇÖs sister and father meddle in his (mostly hypothetical) love life. Rumors that plague Yu have serious personal and academic consequences. The much-anticipated, much-dreaded Sports Festival finally arrives! And Chika dreams up a new game for the student council to play togetherÔÇöwith literally explosive results.\n\nWho cares what other people think?',4),('Kaguya-sama: Love Is War, Vol. 10 - Kaguya-sama: Love is War',12,2024,2,255,3,9781974706631,6700,67,11,1,'Two high school geniuses scheme to get the other to confess their love first.\n\nTwo geniuses. Two brains. Two hearts. One battle. Who will confess their love firstÔÇŽ?!\n\nWill Ai prove to Kaguya that she can win MiyukiÔÇÖs heart after allÔÇŽwhile singing karaoke? Then the student council engages in some competitive cooking. Yu tries to spare Miko the embarrassment of the others discovering that she likes to listen to sexy voice actors whisper sweet nothings. And Kaguya declines to participate in a group date involving MiyukiÔÇöwith a predictable impact on her mental stability.\n\nAt some point, youÔÇÖve got to upgrade your phone.',4),('Kaguya-sama: Love Is War, Vol. 11 - Kaguya-sama: Love is War',12,2024,2,217,3,9781974707799,5000,12,11,1,'Two high school geniuses scheme to get the other to confess their love first.\n\nTwo geniuses. Two brains. Two hearts. One battle. Who will confess their love firstÔÇŽ?!\n\nCan Miyuki and Kaguya help Yu escape the aggro of all his female classmates, let alone win the favor of the girl heÔÇÖs crushing on? Then, itÔÇÖs Miyuki who is teaching Chika a new skill for a change. Kaguya faces the temptations and pitfalls of her new smartphone and social media. Ai takes on yet another secret identity. And the student councilÔÇÖs parents cross paths at school conferences where they must decide what colleges their children will apply to.\n\nWhen you make plans, the gods laugh.',4),('Kaguya-sama: Love Is War, Vol. 12 - Kaguya-sama: Love is War',12,2024,2,250,3,9781974709571,5600,1,11,1,'Two high school geniuses scheme to get the other to confess their love first.\n\nTwo geniuses. Two brains. Two hearts. One battle. Who will confess their love firstÔÇŽ?!\n\nWill Miyuki ever admit to his insignificant but seemingly infinite lack of nonacademic talents? And what of the other student council members? Are any of them willing to see themselves objectively? Then itÔÇÖs time for the school culture festival, which harkens back to a legend of ancient personal sacrifice that inspires the present-day studentsÔÇŽsymbolically, at least. Plus, a student council arm wrestling competition, balloon animals and a flashback episode to MiyukiÔÇÖs first awkward weeks as an outsider at Shuchiin High.\n\nCosplay makes the woman.',4),('Kaguya-sama: Love Is War, Vol. 13 - Kaguya-sama: Love is War',12,2024,2,270,3,9781974710713,5699,1,11,1,'Two high school geniuses scheme to get the other to confess their love first.\n\nTwo geniuses. Two brains. Two hearts. One battle. Who will confess their love firstÔÇŽ?!\n\nWill Yu make a confession of love? Who would date someone who is both an emo gamer and a former school pariahÔÇŽ? Meanwhile, someone is ready to confess her love to MiyukiÔÇöand itÔÇÖs not Kaguya! Then Miko sabotages a romantic tour of a haunted house, Miyuki reveals some unexpected nonacademic skills, Kaguya accidentally dispenses good advice and a fortune-teller foretells an ominous date for our pride-crossed loversÔÇöno, not that kind of date. Plus, heart-themed key rings, cookies, takoyaki and balloons!\n\nBut nobody turns down Stanford.',4),('Kaguya-sama: Love Is War, Vol. 14 - Kaguya-sama: Love is War',12,2024,2,255,3,9781974714728,5999,7,11,1,'Two high school geniuses scheme to get the other to confess their love first.\n\nTwo geniuses. Two brains. Two hearts. One battle. Who will confess their love firstÔÇŽ?!\n\nWill it be Miyuki or Kaguya who finally breaks down and confesses their love for the other? Will the love confession be terribly bungled or epically orchestrated? And will the recipient respond appropriately, insanely, or in kind? While these questions will have answers, the romantic quandaries of the rest of the members of the student council will raise a whole new set of questionsÔÇŽ\n\nThree months is a long time.',4),('Kaguya-sama: Love Is War, Vol. 15 - Kaguya-sama: Love is War',12,2024,2,216,3,9781974714735,5400,2,11,1,'Two high school geniuses scheme to get the other to confess their love first.\n\nTwo geniuses. Two brains. Two hearts. One battle. Who will confess their love firstÔÇŽ?!\n\nTurns out confessing your feelings is the easy part of a romantic relationshipÔÇŽ Now Kaguya and Miyuki have to figure out how to behave in a relationship. Kaguya retreats behind the ice shield she built to protect herself years ago. Miyuki believes only an ideal version of himself is worthy of love. Ai/Haski, as usual, is caught in the middle. Will our two not-star-crossed lovers ever learn to let go and just be themselvesÔÇŽ?\n\nFirst, you have to love yourself.',4),('Kaguya-sama: Love Is War, Vol. 16 - Kaguya-sama: Love is War',12,2024,2,219,3,9781974717101,5999,12,11,1,'Two high school geniuses scheme to get the other to confess their love first.\n\nTwo geniuses. Two brains. Two hearts. One battle. Who will confess their love firstÔÇŽ?!\n\nWill Kaguya and Miyuki ever go beyond making out and get around to officially going out?! What game is Miko playing when she interferes with Yu and TsubameÔÇÖs fledgling intimacy? Meanwhile, Kaguya tries to choose the perfect gift for Miyuki, Yu tries to choose the perfect gift for Tsubame, and MiyukiÔÇÖs dad goes into the fortune-telling business!\n\nIndia is the land of spiritual enlightenment.',4),('Kaguya-sama: Love Is War, Vol. 17 - Kaguya-sama: Love is War',12,2024,2,216,3,9781974718740,4999,8,11,1,'Two high school geniuses scheme to get the other to confess their love first.\n\nTwo geniuses. Two brains. Two hearts. One battle. Who will confess their love firstÔÇŽ?!\n\nWill Kaguya tell her family or even her friends that sheÔÇÖs dating Miyuki? Why is Chika pretending to be everyoneÔÇÖs girlfriend while dressed in a bald wig? Hapless Yu gets romantic advice from recently dumped Kazeno, which he passes on to naive Miyuki. Then, semi-repressed Nagisa attempts to school repressed Kaguya. And Kaguya shares (usually sensible) AiÔÇÖs theories about men with Maki, who attempts to verify them with flustered Miyuki and Yu. Basically, Shuchiin Academy suffers from a bad case of the blind leading the blind.\n\nYou canÔÇÖt learn about sex from porn.',4),('Kaguya-sama: Love Is War, Vol. 18 - Kaguya-sama: Love is War',12,2024,2,265,3,9781974721009,6000,15,11,1,'Two high school geniuses scheme to get the other to confess their love first.\n\nTwo geniuses. Two brains. Two hearts. One battle. Who will confess their love firstÔÇŽ?!\n\nWill Ai leave her post as KaguyaÔÇÖs personal assistant and confidant?! Meanwhile, Kaguya and Yu go to great lengths to prevent their not-so-dark secrets from getting out. A sports tournament provides yet another opportunity for the gang to desperately attempt to impress each other with their athletic prowessÔÇöor coaching skills. And then itÔÇÖs finally time for an educational school trip! Of course all the students view this as just an opportunity to hang out with or spy on the objects of their attractionÔÇŽ\n\nWet hair is better than a wet T-shirt.',4),('Kaguya-sama: Love Is War, Vol. 19 - Kaguya-sama: Love is War',12,2024,2,260,3,9781974722860,5989,12,11,1,'Two high school geniuses scheme to get the other to confess their love first.\n\nTwo geniuses. Two brains. Two hearts. One battle. Who will confess their love firstÔÇŽ?!\n\nWill this romantic comedy turn into a thriller? Two warring factions in KaguyaÔÇÖs family are trying to force her personal assistant, Ai, to abandon Kaguya and serve them. While Miyuki tries to save Ai from getting kidnapped, she sends an urgent message to Kaguya to meet her at the place where their relationship beganÔÇöbut Kaguya canÔÇÖt figure out where that is! Meanwhile, as Yu and Tsubame grow closer, Miko grows more jealous, and student council factions clash over whom Yu should date!\n\nYouÔÇÖre never too old to become a YouTube sensation.',4),('Kaguya-sama: Love Is War, Vol. 20 - Kaguya-sama: Love is War',12,2024,2,210,3,9781974724031,5656,12,11,1,'Two high school geniuses scheme to get the other to confess their love first.\n\nTwo geniuses. Two brains. Two hearts. One battle. Who will confess their love firstÔÇŽ?!\n\nWill Yu manage to raise his academic ranking this exam period? Unfortunately, his gaming addiction may have an impact not only on his grades but also on how Tsubame views him. Hopefully the diabolical plan concocted by Kaguya, his ruthless academic coach, will keep him from failing. On the other hand, someone else gets unexpectedly low marks this exam period! Then, on ValentineÔÇÖs Day, which of the gang will give or receive romantic chocolates, friendship chocolates or obligatory chocolatesÔÇŽ?\n\nFight rumors with rumors.',4),('Kaguya-sama: Love Is War, Vol. 21 - Kaguya-sama: Love is War',12,2024,2,215,3,9781974725182,6500,12,11,1,'Two high school geniuses scheme to get the other to confess their love first.\n\nTwo geniuses. Two brains. Two hearts. One battle. Who will confess their love firstÔÇŽ?!\n\nWill Yu be able to handle TsubameÔÇÖs answer to his love confession? Then, dropping by MiyukiÔÇÖs home unannounced surprises Kaguya more than the Shiroganes. As KaguyaÔÇÖs family interferes with her future plans, she becomes determined to break free of them, but first she must strike a deal with the devil!\n\nSeating arrangements matter.',4),('Kaguya-sama: Love Is War, Vol. 22 - Kaguya-sama: Love is War',12,2024,2,200,3,9781974728473,5678,2,11,1,'Two high school geniuses scheme to get the other to confess their love first.\n\nTwo geniuses. Two brains. Two hearts. One battle. Who will confess their love firstÔÇŽ?!\n\nWill MikoÔÇÖs budding closeness with Miyuki make other interested parties jealous? Then, entertaining a cat in the student council chambers leads to awkward complications. As the war between the Shinomiyas and the Shijos heats up, KaguyaÔÇÖs new assistant and Mikado both fall under suspicion. And then Kaguya and Miyuki spend the night togetherÔÇŽalone!\n\nHow do you know when youÔÇÖre ready?',4),('Kaguya-sama: Love Is War, Vol. 23 - Kaguya-sama: Love is War',12,2024,2,250,3,9781974732180,5555,4,11,1,'Two high school geniuses scheme to get the other to confess their love first.\n\nTwo geniuses. Two brains. Two hearts. One battle. Who will confess their love firstÔÇŽ?!\n\nWill Miyuki replace Chika in KaguyaÔÇÖs heart? When dense Chika belatedly finds out theyÔÇÖre dating, she certainly thinks so. Then, Kaguya discovers an unexpected source of support in her battle against her family, Miko tries various approaches to get Yu to fall in love with her, and Kobachi turns out to be more complicated than she appears.\n\nSometimes, itÔÇÖs good to play games with people.',4),('Kaguya-sama: Love Is War, Vol. 24 - Kaguya-sama: Love is War',12,2024,2,260,3,9781974734481,3999,14,11,1,'Two high school geniuses scheme to get the other to confess their love first.\n\nTwo geniuses. Two brains. Two hearts. One battle. Who will confess their love firstÔÇŽ?!\n\nWill Miko and Kobachi ever make up and be friends again? It seems unlikely, especially when they learn they might be competing for the affections of the same boy! Then, Miyuki gets roped into running a school event, Yu needs a date to attend it, the volatile situation with the Shinomiya conglomerate heats up, and KaguyaÔÇŽdisappears!\n\nSometimes you canÔÇÖt see whatÔÇÖs right in front of your face.',4),('Kaguya-sama: Love Is War, Vol. 25 - Kaguya-sama: Love is War',12,2024,2,265,3,9781974736324,6000,12,11,1,'Two high school geniuses scheme to get the other to confess their love first.\n\nTwo geniuses. Two brains. Two hearts. One battle. Who will confess their love firstÔÇŽ?!\n\nWill KaguyaÔÇÖs family force her to marry a man she doesnÔÇÖt love in order to fulfill their political and financial ambitions? As the reign of KaguyaÔÇÖs father approaches its end, the war of succession between her brothers heats up. Meanwhile, Ai gets a new assignment as a bodyguard, Yu and Miko get cozy on a couch, andÔÇŽMiyuki accepts a hefty bribe?!\n\nFamily matters.',4),('Kaguya-sama: Love Is War, Vol. 26 - Kaguya-sama: Love is War',12,2024,2,255,3,9781974738755,5400,56,11,1,'Two high school geniuses scheme to get the other to confess their love first.\n\nTwo geniuses. Two brains. Two hearts. One battle. Who will confess their love firstÔÇŽ?!\n\nWill KaguyaÔÇÖs friends be able to rescue her from the clutches of her ruthless family? Miyuki does his best to negotiate with KaguyaÔÇÖs father for his daughterÔÇÖs freedom to live and love as she chooses. But Miyuki isnÔÇÖt the only one vying for KaguyaÔÇÖs handÔÇŽ Then, the rest of KaguyaÔÇÖs friendsÔÇöChika, Ai, Yu, Miko, and MakiÔÇöuse everything at their disposal to find and save her, from blackmail to electronic trackers toÔÇŽskateboards?\n\nWhere thereÔÇÖs a will, thereÔÇÖs a way.',4),('Kaguya-sama: Love Is War, Vol. 27 - Kaguya-sama: Love is War',12,2024,2,220,3,9781974741052,5999,5,11,1,'Two high school geniuses scheme to get the other to confess their love first.\n\nTwo geniuses. Two brains. Two hearts. One battle. Who will confess their love firstÔÇŽ?!\n\nWill Kaguya get to the airport in time to say goodbye to Miyuki? First, she and an ally must make one last attempt to repair the rift between the Shinomiya and Shijo families. Then, Miyuki plots what to do with the leftover money from the bribe he received, Miko tries to bridge the distance between her and Yu when he goes abroad for summer break, and Chika leads everyone in one of her signature trauma-inducing games!\n\nWho knows when heÔÇÖll be back again.',4),('Kaguya-sama: Love Is War, Vol. 28 - Kaguya-sama: Love is War',12,2024,2,243,3,9781974743421,6000,15,11,1,'Two high school geniuses scheme to get the other to confess their love first.\n\nTwo geniuses. Two brains. Two hearts. One battle. Who will confess their love firstÔÇŽ?!\n\nWill all our beloved characters get a happy ending? Maki is still trying to get over Tsubasa, Miko is running for student council president, and Chika wants a romantic partner of her own. Then, which couple will wage war to obtain a confession of love, and which will battle for a proposal of marriageÔÇŽ?\n\nIs love really war?',4),('Elit alakulat',15,2025,1,459,6,9786151100363,5690,12,12,1,'A 101. l├ęgideszant-hadoszt├íly 506. ejt┼Ĺerny┼Ĺs ezred├ęnek Easy sz├ízada a vil├íg legjobb gyalogsz├ízadai k├Âz├ę tartozott.\r\n\r\nAmbrose ennek a roppant figyelemre m├ęlt├│ alegys├ęgnek a m├ísodik vil├ígh├íbor├║s t├Ârt├ęnet├ęt mondja el, az 1942-ben Georgia ├íllamban v├ęgzett embert pr├│b├íl├│ alapkik├ępz├ęst┼Ĺl a D-napon ├ít a v├ęgs┼Ĺ gy┼Ĺzelemig.\r\n\r\nAz Easy sz├ízad mindent v├ęgigcsin├ílt. Ejt┼Ĺerny┼Ĺvel sz├íllt le a D-nap hajnal├ín, ├ęs Hitler berchtesgadeni Sasf├ęszk├ęnek elfoglal├ís├íval fejezte be a h├íbor├║t. E k├Ânyv annak a gyalogsz├ízadnak ├íll├şt eml├ęket, amely 150 sz├ízal├ękos vesztes├ęget szenvedett a h├íbor├║ v├ęg├ęig, ahol val├│ban \"egy falka testv├ęr\" m├│dj├íra koplaltak, f├íztak, ├ęltek ├ęs haltak egy├╝tt a katon├ík.',NULL),('Fut├│t┼▒z',8,2024,1,308,6,9786155049729,4731,24,19,1,'Katniss Everdeen t├║l├ęlte Az ├ęhez┼Ĺk viadal├ít. A Kapit├│lium bossz├║ra ├ęhes. Hi├íba sz├│lt minden ellen├╝k, Katniss Everdeen ├ęs Peeta Mellark ├ęletben maradtak. Nem nyugodhatnak azonban meg: l├ízad├ísr├│l suttognak a Kapit├│liumban, ami az ┼Ĺ hat├ísukra vette kezdet├ęt. A nemzet szeme Katnissra ├ęs Peet├íra szegez┼Ĺdik, a t├ętek m├ęg nagyobbak, mint kor├íbban. Ha hib├íznak, a k├Âvetkezm├ęnyek bel├íthatatlanok.\r\n',NULL),('A Szent Johanna gimi 1. - Kezdet',9,2025,1,440,5,9786155653087,4369,42,16,1,'\"- Na, Cortez is megtal├ílta a sulit. ├ëppen ideje volt, nem fogom ├ęletem v├ęg├ęig tartogatni a jegyzeteket - s├│hajtotta tettetett unalommal az arc├ín, ├ęs becsapta a szekr├ęnyajtaj├ít.\r\nElford├ştottam a fejem, hogy odan├ęzzek, ├ęs akkor...├ës akkor t├Ârt├ęnt, hogy el┼Ĺsz├Âr megl├íttam Antai-Kelemen ├üd├ímot, Cortezt. Abban a pillanatban, ahogy megl├íttam, g├Ârcsbe r├índult a gyomrom, ├ęs ├║gy ├ęreztem, musz├íj lehajtanom a fejem, ├ęs ├║gy tenni, mintha csin├íln├ęk valamit, m├ísk├╝l├Ânben el├írulom magam. Deszk├ís cip┼Ĺt, farmert, ├ęs b┼Ĺfazon├║ feh├ęr p├│l├│t viselt, f├ęl v├íll├ín hanyagul l├│gott a h├ítizs├íkja, m├ísik kez├ęben a g├Ârdeszk├íj├ít tartotta. ├ľsszevissza meredez┼Ĺ haja csak l├ítsz├│lag ├íllt szertesz├ęt, egy├ębk├ęnt gondosan megcsin├ílta, ├ęs pont ├║gy n├ęzett ki, ahogy kell, ├ęs ahogy j├│l ├íll neki. A folyos├│ v├ęg├ęn Ricsivel besz├ęlgetett, azt├ín sz├ęp lassan minden oszt├ílyt├írsunk k├Âr├ę gy┼▒lt, ├ęs hallgatt├ík.\r\nZavartan turk├íltam a szekr├ęnyemben, csak n├ęha n├ęztem fel egy-egy pillanatra. - N├ęzd, megj├Âtt Cortez! - jelentette be Vir├íg.\r\nMintha magamt├│l nem vettem volna ├ęszre.\"\r\n\r\nN├ęv: Rentai Ren├íta (Reni)\r\nKor: 14\r\nBesz├ęlt nyelv: magyar, francia\r\nMagamr├│l: (Nem publikus adat, hozz├íf├ęr├ęs korl├ítozva) Az, hogy elk├Âlt├Âzt├╝nk, ├ęs sulit v├íltottam, a lehet┼Ĺ legjobb dolog, ami t├Ârt├ęnt velem, mert v├ęgre lettek bar├ítaim (kett┼Ĺ is!), nem cikiznek, ├ęs tal├ílkoztam vele, aki igaz├ín nagyon men┼Ĺ!\r\n├ërdekl┼Ĺd├ęsi k├Âr: k├Ânyvek, olvas├ís, filmek, internet, azon bel├╝l is: Honfoglal├│, Kv├şzPart\r\nKlubtags├íg: Mit olvasol most?; Kedvenc k├Ânyvek; Sims; Mindhal├ílig Beatles!; Milyen id┼Ĺ lesz holnap?; TeveClub',NULL),('A Szent Johanna gimi 2. - Egy├╝tt',9,2025,1,462,5,9786155653117,4369,43,16,1,'\" Felfel├ę baktattunk a dombon, amikor Vir├íg k├ęrd┼Ĺn k├Ârbefordult, ├ęs a tekintete meg├íllapodott rajtam.\r\n- Green Day sz├│l a zsebedben - mondta.\r\n- Zavartan el┼Ĺkerestem a mobilom, ├ęs k├Âzben azon tanakodtam, hogy ki ├íll├şthatta be a tel├│m a Basket Case-re, ├ęs egy├íltal├ín ki cs├Âr├Âg arra, mert csak egy embert ismerek, aki szereti...\r\n- A kijelz┼Ĺn Cortez neve villogott, alatta egy men┼Ĺ deszk├ís k├ęppel.\r\n- Cortez - suttogtam, ├ęs megtorpantam az ├║ton.\r\n- Vedd fel! ├ës l├ęlegezz. De el┼Ĺbb vedd fel. Vagy ne! El┼Ĺbb l├ęlegezz - ugr├ílt k├Âr├╝l├Âttem Vir├íg.##\r\n- Mit mondjak? - kapkodtam a leveg┼Ĺt.\r\n- Els┼Ĺsorban ne mondj semmit, v├írd meg, hogy mit akar. De ha besz├ęlni akarsz vele, javaslom, hogy vedd fel - tan├ícsolta Arnold.\"\r\n\r\nN├ęv: Rentai Ren├íta (Reni)\r\nKor: 15\r\nBesz├ęlt nyelv: magyar, francia\r\nMagamr├│l: (Nem publikus adat, hozz├íf├ęr├ęs korl├ítozva) Lassan nemcsak Vir├íg ├ęs Arnold, hanem mindenki a bar├ítj├ínak tekint. Egy├ęb siker├ęlm├ęnyek: suli├║js├íg, irodalomverseny, Cortez kettese magyarb├│l. Ami g├íz: rajzb├│l t├Âk b├ęna vagyok + Edina!!!\r\n├ërdekl┼Ĺd├ęsi k├Âr: k├Ânyvek, olvas├ís, filmek, internet, azon bel├╝l is: Honfoglal├│, Kv├şzPart\r\nKlubtags├íg: Kedvenc k├Ânyvek; Mindhal├ílig Beatles!; Felh┼Ĺt├ęrk├ęp; Akiken kifogott a g├Ârdeszka; Akkor sem tudok rajzolni!',NULL),('A Szent Johanna gimi 3. - Egyed├╝l',9,2025,1,488,5,9786155653148,4369,44,16,1,'\"Cortez kiker├╝lt minket, les├ęt├ílt a l├ępcs┼Ĺn, mik├Âzben a l├íny m├ír megindult fel├ę. Tudtam, hogy r├í v├ír, tudtam, hogy ┼Ĺ csak Viki lehet, de a k├Âvetkez┼Ĺ jelenetet m├ęg ├ęn sem tudtam el┼Ĺre. A l├íny vigyorogva ├ít├Âlelte Cortezt, majd hossz├║ cs├│kkal k├Âsz├Ânt├Âtte. Nem, ez nem olyan volt, mint kilencedikben, a d├şjugrat├│ napj├ín. Most j├│l l├íttam. Mindannyian j├│l l├íttuk. Lemerevedtem, nem akartam odan├ęzni, de nem tudtam levenni a szemem r├│luk. A l├ítv├íny sokkolt, minden energi├ímmal azon voltam, hogy akkor fulladjak meg, miut├ín elmentek.\r\n- Sziasztok - k├Âsz├Ânt h├ítra Cortez nek├╝nk, azt├ín megfogta Viki kez├ęt (├Âsszekulcsolt ujjakkal), ├ęs elindultak.\"\r\n\r\nN├ęv: Rentai Ren├íta (Reni)\r\nKor: 15\r\nBesz├ęlt nyelv: magyar, francia\r\nMagamr├│l: (Nem publikus adat, hozz├íf├ęr├ęs korl├ítozva) Valami nem stimmel... Mintha visszafordult volna az id┼Ĺ, megint nincs senkim, akire sz├ím├şthatok. Egyed├╝l vagyok.\r\n├ërdekl┼Ĺd├ęsi k├Âr: k├Ânyvek, olvas├ís, git├ír, suli├║js├íg\r\nKlubtags├íg: Jalapeno; Kedvenc k├Ânyvek; Mindhal├ílig Beatles!; Oasis; Kezd┼Ĺ git├írosok; Akkor sem tudok rajzolni!',NULL),('A Szent Johanna Gimi 4. - Bar├ítok ',9,2020,1,463,5,9786155653179,4369,45,16,1,'\"- Reni? - k├ęrdezte.\r\n- Igen? - k├ęrdeztem vissza d├Âbbenten.\r\n- J├Âssz velem?\r\n- Nem! - sz├│lt vissza Arnold helyettem, mire mindenki k├ęrd┼Ĺn fel├ę fordult.\r\n- Nem├ęnyi, majd sz├│lok, ha hozz├íd besz├ęlek - mondta Cortez, ├ęs ├║jra r├ím n├ęzett.\r\n- Kezd┼Ĺdik az olvas├│k├Âr... - hebegtem, de ez nem t┼▒nt t├║l n├ępszer┼▒ v├ílasznak, egy csom├│an \"h├║├║├║\"-zni kezdtek.\r\n- Ok├ę - tette fel a kez├ęt Cortez, ├ęs r├Âh├Âgve odafordult egy csoport v├ęgz┼Ĺsh├Âz.\r\n- J├│ - mondtam hirtelen, mire Arnold megp├Ârd├╝lt a tengelye k├Âr├╝l, ├ęs visszan├ęzett r├ím.\r\n- Reni, ne menj el! Kardos v├ír. Fogalmad sincs, hogy tud-e egy├íltal├ín vezetni. Vesz├ęlyes!\r\n- Csak egy sulik├Âr! - indultam le a l├ępcs┼Ĺn, ├ęs k├Âzben kivettem Ricsi kez├ęb┼Ĺl Vir├íg sisakj├ít, amit direkt nekem ny├║jtott oda.\r\n- Reni! - ki├íltott r├ím Arnold ├║jra.\r\n- Mindj├írt j├Âv├Âk - k├Âz├Âltem egyszer┼▒en, feltettem a sisakot, azt├ín fel├╝ltem Cortez m├Âg├ę. ├üt├Âleltem a derek├ít, amit┼Ĺl a r├ęgi ismer┼Ĺseim (pillang├│ bar├ítaim) mind fel├ęledtek a gyomromban, ├ęs elindultunk.\"\r\n\r\nN├ęv: Rentai Ren├íta (Reni)\r\nKor: 16\r\nBesz├ęlt nyelv: magyar, francia\r\nMagamr├│l: (Nem publikus adat, hozz├íf├ęr├ęs korl├ítozva) Visszakaptam Vir├ígot, elvesz├ştem Arnoldot... ├Ügy ├ęrzem, az el┼Ĺz┼Ĺ f├ęl├ęvhez k├ępest mindenki egy kicsit k├Âzelebb ker├╝lt hozz├ím. Tal├ín ┼Ĺ is...\r\n├ërdekl┼Ĺd├ęsi k├Âr: k├Ânyvek, olvas├ís, sz├şnh├íz, fot├│z├ís\r\nKlubtags├íg: Akik ut├ílj├ík Dori├ínt!!!; Jalapeno; Kedvenc k├Ânyvek; Mindhal├ílig Beatles!; Fot├│sok',NULL),('A Szent Johanna gimi 5. - Rem├ęny',9,2025,1,511,5,9786155653209,4369,46,16,1,'\"A ragyog├│ naps├╝t├ęsbe kil├ępve ├Âszt├Ân├Âsen hunyorogtam, majd megtorpantam. ├ťltek a padomon. Kiss├ę megremegett a t├ęrdem, de az├ęrt er┼Ĺt vettem magamon, ├ęs tov├íbbmentem.\r\n- Te mit csin├ílsz itt? - k├ęrdeztem Cortezt, aki a pad t├íml├íj├ín ├╝lt, ├ęs ├Âl├ębe ejtett kez├ęben tartotta a zenelej├ítsz├│j├ít.\r\n- ├ťl├Âk - felelte olyan st├şlusban, mintha ez az├ęrt el├ęg egy├ęrtelm┼▒ lenne. J├│, t├ęnyleg az volt, a vak is l├íthatta, csak ├ęppen...\r\n- Mi├ęrt itt? - k├ęrdeztem cseppet sem kedvesen.\r\n- Tudtommal m├ír nem foglalt ez a hely - n├ęzett m├ęlyen a szemembe, nekem pedig felkeltek a pillang├│k a gyomromban, ├ęs ├║gy d├Ânt├Âttek, hogy egys├ęges er┼Ĺvel pr├│b├ílnak kiszabadulni. K├ęrd┼Ĺn k├Ârben├ęztem, rem├ęlve, hogy valaki seg├şt, de azonk├şv├╝l, hogy az udvaron ├íll├│k k├ętked┼Ĺ ├ęs sanda pillant├ísokat vetettek fel├ęm, senkire nem sz├ím├şthattam. M├írpedig ├ęn le fogok ├╝lni! Ez az ├ęn helyem! P├ír \"egyik l├íbamr├│l a m├ísikra ├íllok\" mozdulat ut├ín fogtam magam, ├ęs fel├╝ltem Cortez mell├ę. Enn├ęl furcs├íbb m├ęg soha, semmi nem volt.\r\n- Akkor ├ęn olvasok - k├Âz├Âltem, de ahogy kimondtam, m├ír meg is b├íntam. Mi├ęrt jelentettem be? Mi ├╝t├Âtt bel├ęm?\r\n- J├│ - mondta el├ęg fur├ín. ├ës ezen nem csod├ílkozom .\"\r\n\r\nN├ęv: Rentai Ren├íta (Reni)\r\nKor: 16\r\nBesz├ęlt nyelv: magyar, francia\r\nMagamr├│l: (Nem publikus adat, hozz├íf├ęr├ęs korl├ítozva) Nem hiszem el, hogy Kinga beler├íngatott... Hogy fogunk kim├íszni ebb┼Ĺl? ├ës mit mondok neki?\r\n├ërdekl┼Ĺd├ęsi k├Âr: k├Ânyvek, olvas├ís, fot├│z├ís, C.\r\nKlubtags├íg: Mindig legyen k├Ânyv a t├ísk├ídban; Beatles; Akik m├ír legal├íbb egyszer hib├íztak nagyot; 2+2=5',NULL),('A Szent Johanna gimi 6. - Ketten',9,2025,1,543,5,9786155653230,4369,47,16,1,',,- Mi a diagn├│zis? - k├ęrdezte Ricsi r├Âh├Âgve, mire a pszichol├│gus ism├ęt elmosolyodott, ├ęs a szem├ęvel k├Ârbep├íszt├ízta a t├írsas├ígot. - Melyik┼Ĺt├Âk Reni? - ├ën - emeltem fel a kezem zavartan. A pszichol├│gus szeme k├Âr├╝l apr├│ r├íncok jelentek meg, ├ęs b├│lintott. - ┼É a v├ílasz a k├ęrd├ęsedre - mondta Ricsinek. - Gy├│gy├şthat├│? - k├ęrdezte Dave nevetve. - Szerintem nem - nevetett fel a doki is. Vadul zakatol├│ sz├şvvel n├ęztem Cortezre, aki a napszem├╝veg m├Âg├╝l f├╝rk├ęszett. F├ęl ├ęvig j├írt miattam h├ętf┼Ĺ d├ęlut├ínonk├ęnt a pszichol├│gus├íhoz. ├ën ezt romantikusnak tal├ílom. Mi├ęrt, nem az? - Tess├ęk ide ├╝lni - k├ęrlelte Zsolti a dokit, aki v├ęg├╝l csatlakozott hozz├ínk, ├ęs laz├ín elhelyezkedett a f┼▒ben, felh├║zott t├ęrdeire kulcsolta a kez├ęt, ├ęs t├╝relmesen hallgatta Zsoltit. - Sz├│val a visszat├ęr┼Ĺ r├ęm├ílmom. Bej├Âv┼Ĺk a suliba, ├ęs M├íday habz├│ sz├íjjal ├╝v├Âlt, v├ęrben forognak a szemei, ├ęs...\"',NULL),('A Szent Johanna gimi 7. - ├Ütveszt┼Ĺ',9,2023,1,592,5,9786155653261,4369,48,16,1,'\"- Bolond vagy - nevetett fel Cortez, mire ├ęn is elmosolyodtam. - Na, komolyan. A tov├íbbtanul├ís?\r\n- Az is. De a jelen helyzetben nagyon ├║gy t┼▒nik, hogy vad├íszpil├│ta leszek.\r\n- El fogom venni t┼Ĺled azt a k├Ânyvet - k├Âz├Âlte Cortez.\r\n- De most komolyan. Te l├ítod a j├Âv┼Ĺt? - v├íltottam st├şlust.\r\n- ├ën nem, de j├│ban vagyok az or├íkulummal.\r\nMajd bemutatlak neki - mondta, mire megint felnevettem.\r\nCortez vicces.\r\n- Komolyan k├ęrdezem. Megijesztett, ami King├í├ękkal t├Ârt├ęnt.\r\n- Helyben vagyunk - mondta Cortez.\r\n- Nem, m├írmint... tudod... ┼Ĺk nem illettek ├Âssze, ├ęs szak├ştottak. Vir├íg ├ęs Ricsi nem illenek ├Âssze, de t├Âk j├│l meg vannak. ├ës mi? - k├ęrdeztem f├ęlve.\r\n- Mi van vel├╝nk?\r\n- Mi lesz vel├╝nk? - jav├ştottam ki a k├ęrd├ęs├ęt, ├ęs ├Âszt├Ân├Âsen a nyakamban l├│g├│ l├ínc fel├ę ny├║ltam, elkaptam a gy┼▒r┼▒t, ├ęs forgattam az ujjaim k├Âz├Âtt.\"\r\n\r\nN├ęv: Rentai Ren├íta (Reni)\r\nKor: 17\r\nBesz├ęlt nyelv: magyar, francia\r\nMagamr├│l: (Nem publikus adat, hozz├íf├ęr├ęs korl├ítozva) Nem akarom, hogy helyettem d├Ântsenek!!!... De akkor most kihez forduljak?\r\n├ërdekl┼Ĺd├ęsi k├Âr: k├Ânyvek, olvas├ís, francia nyelv, fot├│z├ís, tov├íbbtanul├ís\r\nKlubtags├íg: Hov├í menjek tov├íbbtanulni?; felvi.hu; Melyik szak illik hozz├íd?; Beatles; Akiknek eleg├╝kvan; V├ęgz┼Ĺs├Âk',NULL),('A Szent Johanna gimi 8. 1-2. - ├ľr├Âkk├ę',9,2025,1,776,5,9786155653322,4369,49,16,1,'\"- Van valami, ami├ęrt m├ęg mindig haragszol az elm├║lt ├ęvekb┼Ĺl? - n├ęztem a szem├ębe, amikor meg├ílltunk a kapunkban.\r\n- Nem. Nincs - sz├│lt ┼Ĺszint├ęn, n├ęmi t├Âpreng├ęs ut├ín. - Neked?\r\n- Azt hiszem, nincs - ismertem be, ├ęs komolyan is gondoltam. - Viszont - tettem hozz├í, amolyan \"az├ęrt ne nyugodj meg\" pillant├íssal - nehogy azt hidd, hogy Benoit nem jelentett nekem sokat.\r\n- Gondolom. De a te kital├ílt bar├ítodat J├ęrome-nak h├şvt├ík - eml├ękeztetett mosolyogva.\r\n- R├ęszletk├ęrd├ęs - nevettem el magam, azt├ín a v├íll├íba f├║rva az arcom, szorosan ├ít├Âleltem. - ├ľr├╝l├Âk, hogy az elm├║lt n├ęgy ├ęvem minden egyes napja r├│lad sz├│lt - suttogtam alig hallhat├│an.\r\nCortez kiss├ę eltolt mag├ít├│l, hogy a szemembe tudjon n├ęzni, majd hosszasan megcs├│kolt, engem pedig el├Ânt├Âtt a forr├│s├íg a hajnali h┼▒v├Âsben. Azt hiszem, ezt v├ęgleg megbesz├ęlt├╝k.\"\r\n\r\nN├ęv: Rentai Ren├íta (Reni)\r\nKor: 18\r\nBesz├ęlt nyelv: magyar, francia\r\nMagamr├│l: (Nem publikus adat, hozz├íf├ęr├ęs korl├ítozva) Mindig azt hittem, hogy az els┼Ĺ napok voltak a legnehezebbek. T├ęvedtem. Az utols├│k azok.\r\n├ërdekl┼Ĺd├ęsi k├Âr: Szent Johanna Francia Tagozatos Alap├ştv├ínyi Gimn├ízium\r\nKlubtags├íg: SzJG; Beatles; V├ęgz┼Ĺs├Âk',NULL),('Magyar superfood - 65 szuper├ętel, 106 szuper├ęlelmiszer',10,2020,1,229,11,9786156488336,6165,10,20,1,'TUDATOSS├üG - FENNTARTHAT├ôS├üG - K├ľRNYEZETBAR├üT T├üPL├üLKOZ├üS\r\n\r\nA superfood kifejez├ęs sokak sz├ím├íra egyet jelent az eg├ęszs├ęggel, hiszen olyan alapanyagot mutat, amely valamely ├ęrt├ękes tulajdons├íg├íban kiemelkedik t├írsai k├Âz├╝l. A legn├ępszer┼▒bbek sor├ít a goji bogy├│, az avok├íd├│, a tengeri moszat ├ęs a lazac vezeti, ├ím a varg├íny├ír├│l, a rizsr┼Ĺl vagy ak├ír a s├írgar├ęp├ír├│l, padlizs├ínr├│l m├ír csak kevesen tudj├ík, hogy szint├ęn igazi szuper├ęlelmiszerek, r├íad├ísul itthon is megteremnek.\r\n\r\nE k├Ânyv szerz┼Ĺje nem kevesebbre v├íllalkozott, minthogy ├Âsszegy┼▒jtse mindazokat\r\na haz├ínkban fellelhet┼Ĺ z├Âlds├ęgeket, gy├╝m├Âlcs├Âket, gabonaf├ęl├ęket ├ęs olajos magvakat, melyek szuperer┼Ĺvel rendelkeznek, ├şgy m├ęlt├ín viselhetik a magyar superfood elnevez├ęst. Dietetikusk├ęnt hitelesen mutatja be ├ęrt├ękes t├ípanyagtartalmukat, eg├ęszs├ęg├╝nkre gyakorolt pozit├şv ├ęlettani hat├ísukat ├ęs v├íltozatos konyhai felhaszn├íl├ísukat. Mindezek mellett ahhoz is kell┼Ĺ bizony├şt├ękkal szolg├íl, mi├ęrt ├ęrdemes els┼Ĺsorban a hazai szuperalapanyagokat be├ęp├şteni ├ętkez├ęs├╝nkbe, ├ęs hogy ezzel a v├ílaszt├íssal milyen sokat tehet├╝nk a fenntarthat├│, k├Ârnyezettudatos t├ípl├ílkoz├ís ├ęs ├ęletm├│d ├ęrdek├ęben.\r\n\r\nA l├ítv├ínyos, kedvcsin├íl├│ fot├│kkal illusztr├ílt kiadv├ínyban t├Âbb mint sz├íz hazai szuper├ęlelmiszer, ├ęs a bel┼Ĺl├╝k k├ęsz├╝lt izgalmas, ├şnycsikland├│ ├ęs eg├ęszs├ęges finoms├íg receptje kapott helyet. S, hogy az alapanyagok beszerz├ęse se okozzon gondot,a hazai term┼Ĺhelyekr┼Ĺl, illetve az aktu├ílisan el├ęrhet┼Ĺ term├ęnyek list├íj├ír├│l is t├íj├ękoz├│dhatnak az olvas├│k. Tegy├╝k v├íltozatoss├í, ├ęrt├ękess├ę ├ętkez├ęs├╝nket!',5),('Az ├írnyak h├íza',3,2014,1,224,4,9789633571750,2849,12,16,1,'Hogy kicsoda Joe Carrot? Joe Carrot egy ny├║l. De nem ak├írmilyen ny├║l: Joe Carrot mag├ínnyomoz├│! ├ťgyn├Âks├ęge, a Carrot & Carrot a legh├şresebb mag├ínnyomoz├│ iroda eg├ęsz Tapsiv├írosban. A t├Ârt├ęnetei pedig egyszerre izgalmasak ├ęs sz├│rakoztat├│ak, ├ęs tele vannak rejt├ęlyekkel ├ęs vid├íms├íggal.',1),('Miel┼Ĺtt ├ęjf├ęlt ├╝t az ├│ra',3,2015,1,128,4,9789633576144,2849,12,16,1,'Hogy kicsoda Joe Carrot?\r\nJoe Carrot egy ny├║l. De nem ak├írmilyen ny├║l, Joe Carrot mag├ínnyomoz├│! ├ťgyn├Âks├ęge, a Carrot & Carrot a legh├şresebb mag├ínnyomoz├│ iroda eg├ęsz Tapsiv├írosban (nan├í, hiszen az egyetlen!).\r\nJoe Carrot azonban nemcsak nyomoz├│, de gondos csal├ídapa is. A t├Ârt├ęnetei ├ęppen ez├ęrt egyszerre izgalmasak ├ęs sz├│rakoztat├│ak, ├ęs tele vannak rejt├ęlyekkel ├ęs vid├íms├íggal.\r\n\r\nMiel┼Ĺtt ├ęjf├ęlt ├╝t az ├│ra\r\nTi hisztek a boszork├ínyokban? Nem?! Joe Carrot sem hitt benn├╝k. Ez├ęrt, amikor egy este Retek R├║fusz megjelent a Carrot & Carrot mag├ínnyomoz├│ irod├íban a Horgas orr├║ boszork├íny rejt├ęly├ęvel, Joe r├Âgt├Ân gyan├║t fogott. Itt bizony valami b┼▒zlik, mint az odakozm├ílt r├ępaf┼Ĺzel├ęk!',NULL),('Percy Jackson ├ęs az olimposziak 1. - A vill├ímtolvaj ',1,2015,1,373,6,9789633731154,2849,12,16,1,'egesk├╝dtem a Styx foly├│ra, hogy ami ebben a k├Ânyvben le van ├şrva, az elej├ęt┼Ĺl a v├ęg├ęig kital├íci├│. Nincs semmif├ęle Perseus ÔÇ×Percy\" Jackson nev┼▒ tizenk├ęt ├ęves fi├║. A g├Âr├Âg istenek csak r├ęgi m├ştoszok. Eg├ęszen biztosan nincsenek gyermekeik haland├│kt├│l a huszonegyedik sz├ízadban, ├ęs F├ęlv├ęr t├íbor nev┼▒ hely sem l├ętezik, ahol f├ęlistenek, fiatal h┼Ĺs├Âk t├íborozn├ínak, akiket ├ęn tan├ştok ├ęs edzek arra, hogyan ├ęlj├ęk t├║l sz├Ârny┼▒s├ęges ellens├ęgeik t├ímad├ís├ít. Percy sosem tal├ílkozott szat├şrral ├ęs Ath├ęn├ę l├íny├íval sem. Egy├íltal├ín nem indultak egy├╝tt az Alvil├íg kapuj├íhoz, hogy megakad├ílyozz├ík az istenek k├Âz├Âtti katasztrof├ílis h├íbor├║ kit├Âr├ęs├ęt. Mindezek ut├ín figyelmeztetnem kell t├ęged, alaposan gondold meg, elkezded-e olvasni ezt a k├Ânyvet. Ha b├írmi felkavar├│t ├ęrzel olvas├ís k├Âzben - ha gyan├ştod, hogy ez a t├Ârt├ęnet a te ├ęletedhez hason├şt - AZONNAL HAGYD ABBA AZ OLVAS├üST! A k├Âvetkezm├ęnyek├ęrt semmif├ęle felel┼Ĺss├ęget nem v├íllalok.',NULL),('Percy Jackson ├ęs az olimposziak 2. - A sz├Ârnyek tengere',1,2016,1,256,6,9789633998489,3324,12,16,1,'Percy Jackson hetedik ├ęve az iskol├íban meglehet┼Ĺsen unalmasan indul. Egyetlen sz├Ârny sem akarja betenni a l├íb├ít New York-i sulij├íba. ├üm amikor az ├írtatlan labd├ízgat├ís ├ęlet-hal├íl harcc├í v├ílik egy csapat emberev┼Ĺ ├│ri├ís ellen, a dolgok, hogy is mondjam. kezdenek eldurvulni. V├íratlanul ├ęrkez┼Ĺ bar├ítja, Annabeth is csak rossz h├şrekkel szolg├ílhat: a F├ęlv├ęrek t├íbor├ít v├ęd┼Ĺ hat├írokat egy titokzatos ellens├ęg lerombolta, ├ęs am├şg ezeket ├║jra helyre nem ├íll├ştj├ík, a f├ęlisteneknek nincs hov├í rejt┼Ĺzni├╝k. A vill├ímtolvaj lend├╝letes, humoros ├ęs rendk├şv├╝l n├ępszer┼▒ folytat├ís├íban Percynek ├ęs a bar├ítainak ├ít kell szelni├╝k a Sz├Ârnyek Tenger├ęt, hogy megments├ęk a t├íborukat. De Percynek mindezek el┼Ĺtt m├ęg szembes├╝lnie kell egy a sz├írmaz├ís├ít ├ęrint┼Ĺ titokkal: r├í v├ír a feladat, hogy eld├Ântse, ├íld├ís-e, avagy ├ítok Poszeid├│n fi├ínak lenni.',NULL),('Percy Jackson ├ęs az olimposziak 3. - A Tit├ín ├ítka',1,2016,1,285,6,9789633998502,3324,12,16,1,'Amikor Percy Jackson megkapja Groover seg├ęlyh├şv├ís├ít, k├ęsz├╝l┼Ĺdni kezd a harcra. J├│l tudja, hogy sz├╝ks├ęge lesz er┼Ĺs sz├Âvets├ęgeseire, Annabeth-re ├ís Th├íli├íra, a f├ęlistenekre; valamint h┼▒s├ęges bronzkardj├íra, ├ürap├ílyra is... ├ęs egy fuvarra a mam├íj├ít├│l. A f├ęlistenek Grover megment├ęs├ęre sietnek, aki mint k├ęs┼Ĺbb kider├╝l fontos felfedez├ęst tett: k├ęt f├ęlistenre bukkant, kiknek sz├írmaz├ísa egyel┼Ĺre m├ęg ismeretlen, de igen nagy er┼Ĺvel rendelkeznek... De ez m├ęg nem minden. A Tit├ín ├║r, Kronosz fel├íll├ştja sz├ímukra eddigi legfondorlatosabb csapd├íj├ít, ├ęs az ifj├║ h┼Ĺs├Âk majdnem beles├ęt├ílnak. A sorozat mulattat├│, ├ęs izgalmas harmadik kalandj├íban Percynek a legvesz├ęlyesebb kih├şv├íssal kell szemben├ęznie: a Tit├ín ├ütk├ínak h├ítborzongat├│ pr├│f├ęci├íj├íval...',NULL),('Percy Jackson ├ęs az olimposziak 4. - Csata a labirintusban',1,2016,1,344,6,9789633998526,3790,13,16,1,'Percy Jackson semmi j├│t nem v├írt az iskolai ny├şlt napt├│l,\r\nde amikor titokzatos haland├│ ismer┼Ĺse ut├ín k├ęt pompoml├íny d├ęmonnal is tal├ílkozik,\r\na dolgok m├ęg a v├írtn├íl is rosszabbra fordulnak.\r\nA sikersorozat negyedik k├Âtet├ęben a k├╝sz├Âb├Ân ├íll az olimposziak ├ęs a Tit├ín isten k├Âz├Âtti h├íbor├║ m├ír. M├ęg az eddig biztons├ígos mened├ęknek sz├ím├şt├│ F├ęlv├ęr T├íbor is sebezhet┼Ĺnek bizonyul, amikor Kronosz ├ęs hadserege megpr├│b├íl var├ízshat├ír├ín bel├╝lre ker├╝lni. Hogy a t├ímad├ísnak elej├ęt vegy├ęk, Percy ├ęs f├ęlisten bar├ítai egy k├╝ldet├ęsre indulnak a Labirintusba - a hatalmas, f├Âldalatti vil├ígba, ami minden fordul├│ban ├║jabb v├ęrfagyaszt├│ meglepet├ęst tartogat sz├ímukra.',NULL),('Solitaire - Paszi├ínsz',1,2023,1,336,6,9789633999783,3609,7,19,1,'Nem eml├ększem olyanra, amikor nem voltam komoly.\r\nLegjobb tudom├ísom szerint cinizmust harsogva ├ęs es┼Ĺt\r\nk├şv├ínva j├Âttem ki az anyam├ęhb┼Ĺl.\r\n\r\nA nevem Tori Spring. Szeretek aludni ├ęs szeretek blogolni. Tavaly m├ęg voltak\r\nbar├ítaim. A dolgok nagyon m├ísok voltak, azt hiszem, de mindennek m├ír v├ęge.\r\n\r\nMost itt van a Paszi├ínsz. ├ës Michael Holden.\r\n\r\nNem tudom, mit akar a Paszi├ínsz. ├ës nem ├ęrdekel Michael Holden. T├ęnyleg nem.\r\n\r\nSzereted Charlie n┼Ĺv├ęr├ęt a HEARTSTOPPER-k├Âtetekben?\r\nAkkor van egy j├│ h├şr├╝nk: ez a reg├ęny r├│la sz├│l.\r\nGyere, ├ęs ismerd meg, mi rejlik a hirtelen felbukkan├│,\r\nmindig cukormentes limon├íd├ęt iszogat├│ l├íny fej├ęben!',NULL),('A kiv├ílasztott - Az ├ęhez┼Ĺk viadala 3.',8,2019,1,352,11,9789634196693,4731,25,19,1,'B├ír minden ellene sz├│lt, Katniss Everdeennek k├ętszer is siker├╝lt ├ęlve kiker├╝lnie az ├ëhez┼Ĺk Viadal├íb├│l. T├║l├ęlt minden megpr├│b├íltat├íst, de m├ęg mindig nincs biztons├ígban. Mert a Kapit├│lium b┼▒nbakot keres a l├ízad├ís miatt. Snow eln├Âk pedig egy├ęrtelm┼▒v├ę tette: Kapit├│lium haragja el┼Ĺl senki sem menek├╝lhet. Sem Katniss csal├ídja, sem a bar├ítai, sem pedig a 12. K├Ârzet lak├│i. De k├Âzeledik a v├ęgs┼Ĺ forradalom ideje. Amikor a n├ęp v├ęgre szembesz├íll a Kapit├│lium zsarnoks├íg├íval. ├ës ebben a forradalomban Katnissnak d├Ânt┼Ĺ szerepe lesz. Az ┼Ĺ b├ítors├íg├ít├│l, kitart├ís├ít├│l ├ęs elt├Âk├ęlts├ęg├ęt┼Ĺl f├╝gg Panem j├Âv┼Ĺje. Mert ┼Ĺ a kiv├ílasztott. De maradt-e el├ęg ereje hozz├í, hogy megv├şvja az utols├│, mindent eld├Ânt┼Ĺ harcot? Suzanne Collins Az ├ęhez┼Ĺk viadala c├şm┼▒ tril├│gi├íja az ut├│bbi ├ęvek legnagyobb szenz├íci├│ja az ifj├║s├ígi reg├ęnyek m┼▒faj├íban. Az imm├íron vil├ígszerte t├Âbb mint t├şzmilli├│ p├ęld├ínyban ├ęrt├ękes├ştett sorozatr├│l azt mondj├ík, hogy m├ęlt├│ folytat├ísa a Harry Potter- ├ęs Twilight-k├Ânyveknek, tov├íbb n├ępszer┼▒s├ştve, illetve megszerettetve az olvas├íst a fiatalokkal. Az ├ęhez┼Ĺk viadal├ínak nemr├ęg elk├ęsz├╝lt a filmv├íltozata, amit m├írcius 22-├ęt┼Ĺl, a hivatalos nemzetk├Âzi premierrel egyid┼Ĺben fognak vet├şteni Magyarorsz├ígon is. A szereposzt├ís meglehet┼Ĺsen impoz├íns: a f┼Ĺszerepl┼Ĺ Katnisst az a Jennifer Lawrence fogja alak├ştani, akit a Winter\'s Bone A hallgat├ís t├Ârv├ęnye c. filmben ny├║jtott alak├şt├ís├í├ęrt Oscar-d├şjra ├ęs Golden Globe-d├şjra jel├Âltek, de j├ítszott az X-Men: Az els┼Ĺk c├şm┼▒ filmben is. Mellette a legnagyobb szerepekben Woody Harrelsont, a rockszt├ír Lenny Kravitzet, Stanley Tuccit, Elizabeth Bankset, Donald Sutherlandet ├ęs Toby Jonest l├íthatjuk majd.',NULL),('├ënekesmadarak ├ęs k├şgy├│k ballad├íja ',8,2024,1,448,6,9789634198154,5206,26,19,1,'Az ├ëhez┼Ĺk Viadala hivatalos el┼Ĺzm├ęnyreg├ęnye! A becsv├így hajtja. A k├╝zdelem ├ęlteti. De a hatalomnak megvan az ├íra. Annak az arat├ísnapnak a reggel├ęn j├írunk, amely a tizedik ├ëhez┼Ĺk Viadal├ít el┼Ĺzi meg. A Kapit├│liumban a tizennyolc ├ęves Coriolanus Snow ├ęlete nagy dob├ís├íra k├ęsz├╝l┼Ĺdik, a mentori posztj├íra a Viadalban. Az egykor nagy hatalm├║ Snow-h├ízra neh├ęz id┼Ĺk j├írnak: a j├Âv┼Ĺj├╝k azon m├║lik, hogy Coriolanus k├ępes lesz-e elb┼▒v├Âl┼Ĺbbnek, ravaszabbnak ├ęs taktikusabbnak bizonyulni di├íkt├írsain├íl, ├ęs gy┼Ĺztest tud-e faragni a saj├ít kiv├ílasztottj├íb├│l. Az es├ęlyek azonban ellene sz├│lnak. Azt a megal├íz├│ megb├şzat├íst kapja ugyanis, hogy a 12. k├Ârzet l├íny kiv├ílasztottj├ít mentor├ílja, a legalj├ínak a legalj├ít. Sorsuk ezzel v├ęgleg ├Âsszefon├│dik - Coriolanus minden d├Ânt├ęse kedvezm├ęnyekhez vagy kudarchoz, csillog├íshoz vagy cs┼Ĺdh├Âz vezethet. Az ar├ęn├ín bel├╝l ├ęletre-hal├ílra sz├│l├│ harc k├Âvetkezik, az ar├ęn├ín k├şv├╝l pedig Coriolanus elkezd egy├╝tt├ęrezni megpecs├ętelt sors├║ kiv├ílasztottj├íval... ├ęs m├ęrlegelnie kell, hogy a szab├ílyok k├Âvet├ęse a fontosabb, vagy a t├║l├ęl├ęs. Ker├╝l, amibe ker├╝l.',NULL),('A v├Âr├Âs mancs rejt├ęlye',4,2017,1,121,4,9789634470557,2849,12,16,1,'Hogy kicsoda Joe Carrot? Joe Carrot egy ny├║l. De nem ak├írmilyen ny├║l, Joe Carrot mag├ínnyomoz├│! ├ťgyn├Âks├ęge, a Carrot & Carrot a legh├şresebb mag├ínnyomoz├│ iroda eg├ęsz Tapsiv├írosban (nan├í, hiszen az egyetlen!). Joe Carrot azonban nemcsak nyomoz├│, de gondos csal├ídapa is. A t├Ârt├ęnetei ├ęppen ez├ęrt egyszerre izgalmasak ├ęs sz├│rakoztat├│ak, ├ęs tele vannak rejt├ęlyekkel ├ęs vid├íms├íggal. A v├Âr├Âs mancs rejt├ęlye Hamarosan kezdet├ęt veszi a Nagy R├ępa Ker├ękp├íros K├Ârverseny. A versenyz┼Ĺk k├Âzt ott van Jane Carrot is. Joe ├ęs a gyerekek teljes er┼Ĺbedob├íssal szurkolnak neki. ├üm ekkor felt┼▒nik a sz├şnen egy titokzatos tolvaj, aki abban mesterkedik, hogy ellopja Jane ker├ękp├írj├ít. Nincs m├ís h├ítra, Joe-nak f├╝l├Ân kell ┼Ĺt cs├şpnie.',2),('Kirk├ę',7,2025,1,424,5,9789634525653,5215,12,18,1,'Az Akhilleusz dala szerz┼Ĺj├ęnek mer├ęsz, k├ípr├ízatos ├ęs v├írva v├írt ├║j reg├ęnye, amely kiv├íl├│an rajzolja ├║jra az Od├╝sszei├íb├│l ismert hatalmas var├ízsl├│n┼Ĺ, Kirk├ę ├ęlet├ęt. A leghatalmasabb tit├ín, a Napisten, H├ęliosz h├íz├íban egy kisl├íny sz├╝letik. Kirk├ę furcsa gyermek - nem rendelkezik hatalommal, mint az apja, sem azzal a rosszindulat├║ vonzer┼Ĺvel, mint az anyja. ├üm amikor t├írsas├íg├ęrt a haland├│k vil├íga fel├ę fordul, felfedezi, hogy m├ęgiscsak van egy k├╝l├Ânleges tehets├ęge: a var├ízsl├ís k├ępess├ęge, amelynek r├ęv├ęn sz├Ârnyekk├ę tudja v├íltoztatni a riv├ílisait, r├íad├ísul m├ęg az istenekre is vesz├ęlyt jelenthet. Fenyegetetts├ęg├ęben Zeusz sz├ím┼▒zi ┼Ĺt egy lakatlan szigetre, ahol az istenn┼Ĺ t├Âk├ęletes├şti titkos tudom├íny├ít, vad├íllatokat szel├şd├şt, ├ęs a h├şres mitol├│giai alakok k├Âz├╝l t├Âbbel is tal├ílkozik: a v├ęrszomjas Min├│taurosszal, az ├╝gyes kez┼▒ Daidalosszal, a gyilkos M├ędei├íval ├ęs persze a fort├ęlyos Od├╝sszeusszal is. ├üm egy n┼Ĺnek vesz├ęlyes egyed├╝l ├ęlni, Kirk├ę pedig akaratlanul is mag├íra vonja mind az emberek, mind az istenek haragj├ít, ├ęs v├ęg├╝l az egyik legrettegettebb ol├╝mposzi istennel tal├ílja szemk├Âzt mag├ít. Hogy megv├ędje, amit a legink├íbb szeret, minden erej├ęt ├Âssze kell szednie, ├ęs egyszer s mindenkorra v├ílasztania kell az istenek ├ęs a haland├│k vil├íga k├Âz├Âtt. Madeline Miller reg├ęnye m├ímor├şt├│ eposz a csal├ídi vet├ęlked├ęsr┼Ĺl, intrik├ír├│l, szerelemr┼Ĺl ├ęs vesztes├ęgr┼Ĺl, illetve a f├ęrfiak uralta vil├ígban is rend├şthetetlen n┼Ĺi er┼Ĺr┼Ĺl. A Goodreads Choice Awards 2018 kateg├│riagy┼Ĺztese.',NULL),('Akhilleusz dala ',7,2024,1,397,5,9789634526421,4740,12,14,1,'Gy├Âny├Âr┼▒ t├Ârt├ęnet istenekr┼Ĺl ├ęs istenn┼Ĺkr┼Ĺl, kir├ílyokr├│l ├ęs kir├ílyn┼Ĺkr┼Ĺl, halhatatlans├ígr├│l ├ęs az emberi sz├şvr┼Ĺl. A fiatal Patroklosz kir├ílyok sarja, m├ęgis sz├ím┼▒zik otthon├íb├│l, amikor akaratlanul egy fi├║ hal├íl├ít okozza. Az ifj├║ a h├şres-neves h┼Ĺs, P├ęleusz kir├íly udvar├íba ker├╝l, ahol egy├╝tt nevelkedik a kir├íly fi├íval, Akhilleusszal. Az aranysz┼Ĺke haj├║ herceg m├ír gyermekk├ęnt is er┼Ĺs, gyors ├ęs vonz├│ - ellen├íllhatatlan mindazok sz├ím├íra, akik tal├ílkoznak vele. Arra rendeltetett, hogy egy napon ┼Ĺ legyen a legkiv├íl├│bb g├Âr├Âg. Patroklosz ├ęs Akhilleusz nem is k├╝l├Ânb├Âzhetne jobban egym├íst├│l, m├ęgis k├╝l├Ânleges, elt├ęphetetlen k├Âtel├ęk sz├Âv┼Ĺdik k├Âz├Âtt├╝k. Amikor Parisz, a tr├│jai kir├ílyfi elrabolja a gy├Âny├Âr┼▒ Helen├ęt Sp├írt├íb├│l, Hell├ísz minden h┼Ĺs├ęt harcba sz├│l├ştj├ík a tr├│jaiak ellen. Akhilleusz nem tud ellen├íllni az istenek ├íltal neki ├şg├ęrt dics┼Ĺs├ęg ├ęs h├şrn├ęv cs├íb├şt├ís├ínak, ├şgy csatlakozik a g├Âr├Âg seregekhez. Patroklosz pedig f├ęlelem ├ęs a bar├ítja ir├ínt ├ęrzett szeretet k├Âz├Âtt ┼Ĺrl┼Ĺdve k├Âveti ┼Ĺt Tr├│ja falai al├í, noha tudja, a sors sz├Ârny┼▒ ├íldozatot k├Âvetel majd mindkett┼Ĺj├╝kt┼Ĺl... Az eredeti kiad├ís 10. ├ęvfordul├│j├íra, a szerz┼Ĺ ├║j el┼Ĺszav├íval.',NULL),('Percy Jackson ├ęs az olimposziak 5. - Az utols├│ olimposzi',1,2017,1,356,6,9789634571292,3790,14,16,1,'A f├ęlv├ęrek eg├ęsz ├ęvben harcra k├ęsz├╝l┼Ĺdtek, de tudt├ík, hogy nem sok es├ęly├╝k van a gy┼Ĺzelemre. Kronosz serege er┼Ĺsebb volt, mint valaha, ├ęs minden ├ít├íllt istennel ├ęs f├ęlistennel nagyobb lett.\r\n\r\nAm├şg az olimposziak a puszt├şt├│ T├╝ph├│nt pr├│b├ílt├ík meg├íll├ştani, addig Kronosz bevonult New Yorkba, ahol az Olimposz gyakorlatilag ┼Ĺrizetlen├╝l ├íllt. Az Id┼Ĺ Ur├ínak meg├íll├şt├ísa Percy Jacksonra ├ęs a fiatal f├ęlistenek csapat├íra v├írt.\r\n\r\nA vil├ígszerte sikeres sorozat izgalommal v├írt befejez┼Ĺ r├ęsz├ęben beteljes├╝l a Percy tizenhatodik sz├╝let├ęsnapj├íra j├Âvend├Âlt pr├│f├ęcia. Mik├Âzben Manhattan utc├íin tov├íbb d├║l a nyugati vil├íg megment├ęs├ę├ęrt v├şvott harc, Percyn az a sz├Ârny┼▒ gyan├║ lesz ├║rr├í, hogy a saj├ít sorsa ellen k├╝zd.',NULL),('Pusztul├ís ├ęs felemelked├ęs',1,2019,1,386,1,9789634577775,3799,12,13,1,'Katona. Id├ęz┼Ĺ. Szent.\r\n\r\nAz orsz├íg sora egy megt├Ârt id├ęz┼Ĺn, egy kegyvesztett nyomkeres┼Ĺn ├ęs egy egykori nagy m├ígikus sereg sz├ętvert maradv├ínyain m├║lik.\r\nAz ├ëj├║r ├írnytr├│nj├ín ├╝lve uralkodik, m├şg a meggyeng├╝lt ├ęs sebes├╝lt Alina Sztarkov igyekszik fel├ęp├╝lni, az ┼Ĺt szentk├ęnt im├íd├│ Appar├ítus k├ętes v├ędelme alatt. Minden rem├ęny├ęt egy r├ęg elt┼▒nt ┼Ĺsi l├ęny m├ígi├íj├íba veti, ├ęs abba az es├ęlybe, hogy egy bizonyos t├Ârv├ęnyen k├şv├╝li herceg m├ęg ├ęletben van.\r\nAhogy a sz├Âvets├ęgesei ├ęs az ellens├ęgei a h├íbor├║ba sodr├│dnak, egyed├╝l Alina ├íll az orsz├íg ├ęs vil├íg ├Âr├Âk rabs├íg├íval fenyeget┼Ĺ, ├írad├│ s├Ât├ęts├ęg k├Âz├Âtt. Hogy megnyerje ezt a harcot, meg kell szereznie egy legend├ís l├ęny hatalm├ít - ├ím a t┼▒zmad├ír ut├íni hajsza v├íratlan fordulatot tartogat.\r\n\r\nK├Âvesd v├ęgig sorsa minden fordulat├ít!',NULL),('This Winter - Az idei t├ęl',1,2023,1,104,6,9789634578857,1899,12,19,1,'- Gy┼▒l├Âl├Âm a kar├ícsonyt - mondja Tori.\r\n- Nem, nem gy┼▒l├Âl├Âd - felelem.\r\n- Az ideit gy┼▒l├Âl├Âm.\r\n- Az ideit mindenki gy┼▒l├Âli.\r\n\r\n\r\nAz idei t├ęl kem├ęny Tori, Charlie ├ęs Oliver Spring sz├ím├íra. Mindannyian igyekeznek a lehet┼Ĺ legkevesebb dr├ím├íval ├ítv├ęszelni a kar├ícsony napj├ít. Olivernek ez azt jelenti, hogy Mario Kart-ozik a b├ítyj├íval ├ęs a n┼Ĺv├ęr├ęvel,\r\nTori ├ęs Charlie sz├ím├íra pedig azt, hogy maguk m├Âg├Âtt hagyj├ík az elm├║lt n├ęh├íny h├│napot.\r\n\r\n\r\nVajon ez a kar├ícsony sz├ętszak├ştja a Spring csal├ídot, vagy elkezdi ├Âsszekov├ícsolni ┼Ĺket?\r\n\r\n\r\n├ërz├ękeny l├ítk├ęp a 21. sz├ízadi diszfunkcion├ílis csal├ídokr├│l, akik szeretik egym├íst, de fogalmuk sincs, mik├ęnt fejezz├ęk ezt ki.\r\n\r\n\r\nOlvasd el ezt az ├║jabb meghat├│ Heartstopper-t├Ârt├ęnetet!',6),('├ürny├ęk ├ęs Csont',1,2021,1,373,1,9789635616770,4084,12,13,1,'Alina Starkova sosem v├írt t├║l sokat az ├ęlett┼Ĺl.\r\n\r\nA hat├írh├íbor├║k sor├ín elvesz├ştette a sz├╝leit. ├ürvak├ęnt csup├ín egyvalakire sz├ím├şthatott. Egy m├ísik kis f├Âld├Ânfut├│ra, Malra, a legjobb bar├ítj├íra. ├üm mostanra m├ír ┼Ĺ sem lehet a t├ímasza. Mindkett┼Ĺj├╝ket besorozt├ík haz├íjuk, Ravka any├ícska hadsereg├ębe. A k├ęt fiatalnak ├ęletvesz├ęlyes k├╝ldet├ęsre kell indulnia az ├ürnyz├│n├íba. Ezen az iszonyatos helyen a f├Âld├Ânt├║li s├Ât├ęts├ęg az ├║r, ahol val├│s├íggal hemzsegnek az emberev┼Ĺ sz├Ârnyetegek.\r\n\r\nAmikor t├ímad├ís ├ęri a katonai konvojukat, mindannyiuk ├ęlete vesz├ęlybe ker├╝l. ├üm Alina ekkor olyan titokzatos er┼Ĺnek adja tan├║jel├ęt, amir┼Ĺl mindaddig m├ęg ┼Ĺ sem tudott. Csod├ílatos megmenek├╝l├ęs├╝k v├íratlan k├Âvetkezm├ęnyekkel j├ír. Meg sem ├íll a f┼Ĺv├írosig, az uralkod├│ udvar├íig, ahol az ├írva l├íny a Grisa testv├ęris├ęg tagja lesz. Vezet┼Ĺj├╝k, a titokzatos ├ëj├║r ├║gy v├ęli, Alina az, akire oly r├ęg├│ta v├ír Ravka sokat szenvedett n├ępe. A legf┼Ĺbb var├ízsl├│ szerint az Alin├íban rejt┼Ĺz┼Ĺ er┼Ĺ k├ępes lesz elpuszt├ştani az ├ürnyz├│n├ít.\r\n\r\nA c├íri udvar f├ęny┼▒z┼Ĺ forgatag├íban sokan az ├ëj├║r ├║j kegyeltj├ęnek tartj├ík a l├ínyt, aki csak nehezen tud beilleszkedni Mal n├ęlk├╝l. Mik├Âzben haz├íja egyre nagyobb vesz├ęlybe ker├╝l, felt├írul el┼Ĺtte egy hajmereszt┼Ĺ ├Âsszeesk├╝v├ęs. D├Ântenie kell. Szembesz├íll a birodalom leghatalmasabb nagyuraival?\r\nEgyed├╝l a m├║ltja adhat rem├ęnyt...\r\nMert csup├ín ez az ├írva l├íny mentheti meg a j├Âv┼Ĺt.',NULL),('Mindketten meghalnak a v├ęg├ęn',2,2022,1,403,NULL,9789635842247,2799,12,14,2,'ADAM SILVERA gy├Âny├Âr┼▒en sz├şvszaggat├│ reg├ęnye fiatalok sz├ízezreit ├ęrintette meg. A TikTokon t├Âbb mint 74 milli├│ bejegyz├ęs sz├│l err┼Ĺl a k├Ânyvr┼Ĺl, valamint a The New York Times sikerlist├íj├ín is b├ęrelt helye van. ,,Mi, a V├ęgs┼Ĺ Bar├ít Zrt. csapata, borzaszt├│an sajn├íljuk, hogy elvesz├şt├╝nk. ┼Észinte r├ęszv├ęt├╝nk mindazoknak, akik szerettek, ├ęs azoknak, akik m├ír sosem ismerhetnek meg t├ęged. Rem├ęlj├╝k, ma ├ęrt├ękes, ├║j bar├ítra lelsz, ├ęs vele t├Âlt├Âd v├ęgs┼Ĺ ├│r├íidat.\" Szeptember 5-├ęn, kicsivel ├ęjf├ęl ut├ín a Hal├íl-H├şrek felh├şvja Mateo Torrezt ├ęs Rufus Emeteri├│t. Rossz h├şrei vannak sz├ímukra: m├ęg aznap meghalnak. Mateo ├ęs Rufus nem ismerik egym├íst, ├ęs m├ís-m├ís okokb├│l ugyan, de mindketten szeretn├ęnek egy ├║j bar├ítot tal├ílni a V├ęgnapjukon. A j├│ h├şr: erre is l├ętezik egy alkalmaz├ís, a neve: V├ęgs┼Ĺ Bar├ít. Rufus ├ęs Mateo ennek seg├şts├ęg├ęvel akarnak tal├ílkozni, hogy egy├╝tt m├ęg egy utols├│, nagyszer┼▒ kalandban legyen r├ęsz├╝k - egyetlen nap alatt akarnak le├ęlni egy eg├ęsz ├ęletet. Adam Silvera bemutatkoz├│ reg├ęny├ęt a New York Times komoly, ├ęrz├ękeny m┼▒k├ęnt jellemezte, most pedig itt az elismert ├şr├│ ├║jabb virtu├│z alkot├ísa, a felemel┼Ĺ ├ęs megsemmis├şt┼Ĺ, elb┼▒v├Âl┼Ĺ ├ęs megragad├│ Mindketten meghalnak a v├ęg├ęn. Ez a t├Ârt├ęnet eml├ękeztet r├í, hogy hal├íl n├ęlk├╝l nincs ├ęlet, vesztes├ęg n├ęlk├╝l nincs szeretet - ├ęs egyetlen nap alatt is megv├íltoztathatjuk az eg├ęsz vil├ígunkat.',NULL),('Az els┼Ĺ, aki meghal a v├ęg├ęn',2,2022,1,605,NULL,9789635843046,3499,12,14,2,'A New York Times-sikerlista els┼Ĺ hely├ęt megh├│d├şt├│, Mindketten meghalnak a v├ęg├ęn el┼Ĺzm├ęnyt├Ârt├ęnet├ęben h├ęt ├ęvet ugrunk vissza az id┼Ĺben, ├ęs jelen lehet├╝nk a Hal├íl-H├şrek els┼Ĺ h├şv├ís├ín├íl. Ma ├ęjjel kezd ├ęlesben a Hal├íl-H├şrek, ├şgy mindenkit ugyanaz a k├ęrd├ęs foglalkoztat: t├ęnyleg meg tudj├ík j├│solni, hogy valaki meg fog halni, vagy csak egy apr├│l├ękosan kitervelt ├ítver├ęs az eg├ęsz? Orion Pagan ├ęvek ├│ta v├írja, mikor k├Âzlik vele, hogy meg fog halni. Komoly sz├şvbetegs├ęggel ├ęl, ├ęs az├ęrt iratkozott fel a Hal├íl-H├şrekn├ęl, hogy tudja, mire sz├ím├ştson. Valentino Prince New Yorkban akarja ├║jrakezdeni az ├ęlet├ęt. Hossz├║, ├şg├ęretes j├Âv┼Ĺ v├ír r├í, ├ęs csak azt k├Âvet┼Ĺen regisztr├ílt a Hal├íl-H├şrekn├ęl, hogy az ikertestv├ęre kis h├şj├ín odaveszett egy aut├│balesetben. Orion ├ęs Valentino a Times Square-en akadnak ├Âssze, ├ęs azonnal ├ęrzik, hogy k├Âz├╝k van egym├íshoz. ├üm a legels┼Ĺ V├ęgnapi h├şv├ísok ├Âr├Âkre megv├íltoztatj├ík az ├ęlet├╝ket - egyik├╝ket felh├şvj├ík, m├şg a m├ísikat nem. Noha azt egyik fi├║ sem tudja, mik├ęnt v├ęgz┼Ĺdik majd sz├ímukra ez a nap, abban biztosak, hogy egy├╝tt akarj├ík t├Âlteni... m├ęg ha ut├ína keserves is lesz a b├║cs├║. Az elismert ├şr├│, Adam Silvera r├í jellemz┼Ĺ keser├ędes st├şlusban mes├ęl arr├│l, milyen ├│ri├ísi hat├íssal vannak egym├ísra az emberek, ├ęs ├║jra bebizony├ştja, hogy mindig ├ęrdemes kihaszn├ílni ├ęlet├╝nk minden pillanat├ít. 18 ├ęven fel├╝lieknek. ',NULL),('Heartstopper 2. - Sz├şvdobban├ís - F├╝lig bel├ęd z├║gtam 2.',1,2022,1,320,1,9789635972968,3514,13,11,1,'\"Teljess├ęggel elragad├│. Aranyos, romantikus, kedves. A t├Ârt├ęnet csod├ís temp├│ban halad. Im├ídom ezt a k├Ânyvet.\"\r\n-RAINBOW ROWELL, A Carry On szezr┼Ĺje\r\n\r\nNick\r\n\r\nAz├ęrt ├ítj├Âssz\r\nholnap?? :D\r\nMert lenne egy\r\n├Âtletem\r\nMit sz├│ln├íl egy\r\nigazi randihoz?\r\n\r\nOmg... h├ít PERSZE\r\nMit csin├íljunk? :)\r\n\r\nLehet meglepet├ęs??\r\n\r\nOmg ok├ę! Nagyon\r\nizgulok alkjdfldsg',4),('Heartstopper - F├╝lig bel├ęd z├║gtam - Sz├şvdobban├ís 1.',1,2022,1,263,1,9789635973828,3134,24,11,1,'K├ęt fi├║ tal├ílkozik.\r\n\r\nK├ęt fi├║ ├Âsszebar├ítkozik.\r\n\r\nK├ęt fi├║ egym├ísba szeret.\r\n\r\nCharlie ├ęs Nick egy suliba j├írnak, de nem ismerik egym├íst... m├şgnem egy napon egym├ís mell├ę ├╝ltetik ┼Ĺket. Egykett┼Ĺre ├Âsszebar├ítkoznak, Charlie pedig hamarosan belez├║g Nickbe. K├ír, hogy semmi es├ęlye n├íla: Nick tipikus r├Âgbis fi├║, ├ęs biztos, hogy csak a l├ínyok ├ęrdeklik...\r\n\r\n├üm a szerelem ├║tjai kif├╝rk├ęszhetetlenek, ├ęs mintha Nick egyre k├Âzvetlenebb lenne Charlie-val...\r\n\r\nSzereted a V├Âr├Âs p├Âtty├Âs k├Ânyveket?\r\n\r\nVidd haza nyugodtan! Tetszeni fog.\r\n',4),('Heartstopper 3. - Sz├şvdobban├ís - F├╝lig bel├ęd z├║gtam 3.',1,2023,1,392,1,9789635974313,4274,30,11,1,'CARTE POSTALE\r\n\r\nSzia Tori!\r\nP├írizs csod├ílatos!\r\n├ën, Nick ├ęs a bar├ítaink szuper├╝l ├ęrezz├╝k magunkat! Viszont... volt n├ęmi dr├íma Ta├│val, ├ęs... h├ít, csom├│ minden t├Ârt├ęnt. Majd otthon\r\nelmes├ęlem!!\r\n\r\nCharlie\r\nx x x\r\n\r\n\" Teljess├ęggel elragad├│. Aranyos, romantikus, kedves. A t├Ârt├ęnet csod├ís temp├│ban halad. Im├ídom ezt a k├Ânyvet.\"\r\n\r\n- RAINBOW ROWELL, a Carry On szerz┼Ĺje',4),('Heartstopper 4. - Sz├şvdobban├ís - F├╝lig bel├ęd z├║gtam 4.',1,2023,1,384,1,9789635974320,4274,5,11,1,'Nick napl├│ja\r\n\r\nAzt hiszem, szerelmes vagyok Charlie-ba. Csod├ílatos volt egy├╝tt t├Âlteni vele ├ęs a bar├ítainkkal ezt a nyarat, ├ęs annyira\r\nszeretn├ęm kimondani neki, hogy szeretem, de... azt hiszem, vannak m├ís dolgok, amik jobban aggasztanak mostan├íban...\r\n\r\nHa boldogs├ígra van sz├╝ks├ęged, lapozz bele!\r\n\r\n\"Az volt a c├ęlom, hogy olyan t├Ârt├ęnetet ├şrjak, amilyet ├ęn is szerettem volna olvasni, amikor ├ęn voltam tini.\"\r\n- Alice Oseman',4),('Nick ├ęs Charlie - Paszi├ínsz 1,5',1,2023,1,122,6,9789635976898,2184,23,19,1,'A hi├ínyt├│l jobban szeret\r\na sz├şv, igaz?\r\nMindenki tudja, hogy Nick ├ęs Charlie a\r\nt├Âk├ęletes p├ír, ├ęs elv├ílaszthatatlanok.\r\nDe Nick most egyetemre megy, Charlie pedig\r\nv├ęgz┼Ĺsk├ęnt a suliban marad. Ahogy k├Âzeledik\r\na b├║cs├║ ideje, mindk├ęt fi├║ban felmer├╝l a\r\nk├ęrd├ęs: vajon el├ęg er┼Ĺs a szerelm├╝k\r\nahhoz, hogy t├║l├ęlj├ęk a k├╝l├Ânv├íl├íst?\r\nElv├ęgre az els┼Ĺ szerelem\r\nritk├ín tart ├Âr├Âkk├ę...\r\nGyere, ├ęs olvasd el Nick ├ęs Charlie\r\nt├Ârt├ęnet├ęnek ├║jabb fejezet├ęt!\r\nNem titok, hogy abszol├║t im├ídom\r\na Heartstopper-k├ępreg├ęnyeket, ├ęs ez a\r\nszerelem itt nem ├ęrt v├ęget. A Nick ├ęs Charlie\r\nremek kieg├ęsz├şt┼Ĺje a sorozatnak, j├│ volt\r\nv├ęgre belel├ítni a sr├ícok lelkivil├íg├íba.\"\r\n- Young Creative Press',6),('Rule of Wolves - Farkasok t├Ârv├ęnye ',1,2024,1,530,1,9789635977628,5034,23,13,1,'A sebhelyes c├ír v├írva v├írt lez├ír├ísa meg├ęrkezett!\r\n\r\n\r\nFjerda hatalmas serege t├ímad├ísra k├ęsz├╝l, Nyikolaj Lancov pedig minden lelem├ęny├ęt ├ęs s├írmj├ít - s┼Ĺt, a benne rejl┼Ĺ sz├Ârnyeteget is - beveti, hogy megnyerje a h├íbor├║t. Csakhogy mindek├Âzben egy olyan s├Ât├ęt er┼Ĺ is\r\nfenyegeti, amely m├ęg az ifj├║ c├ír sz├ím├íra is v├ęgzetes lehet.\r\n\r\n\r\nZ├│ja Nazjalenszkaja t├║l sokat vesz├ştett a kor├íbbi h├íbor├║ban. V├ęgign├ęzte, ahogy a mentora meghal, ├ęs a legnagyobb ellens├ęge felt├ímad, ├ęs nem hajland├│ eltemetni m├ęg egy bar├ítot. A k├Âteless├ęg most azt k├Âveteli t┼Ĺle, hogy haszn├ílja a legtitkosabb k├ępess├ęg├ęt is, mert az orsz├íg├ínak minden fegyverre sz├╝ks├ęge van. B├írmi lesz is az ├íra.\r\n\r\n\r\nNyina Zenyik a lebuk├íst ├ęs az ├ęlet├ęt kock├íztatja azzal, hogy k├ęmk├ęnt be├ęp├╝lt Fjerda f┼Ĺv├írosi elitj├ębe. ├ľsszet├Ârt sz├şve m├ęg nem gy├│gyult be, ├ęs ha nem vigy├íz, a bossz├║v├ígya miatt az orsz├íga minden es├ęly├ęt elveszti a h├íbor├║ban.\r\n\r\n\r\nA vil├ígsiker┼▒ sorozat zseni├ílisan meg├şrt befejez┼Ĺ r├ęsze.',NULL),('Heartstopper 5. - Sz├şvdobban├ís - F├╝lig bel├ęd z├║gtam 5.',1,2024,1,336,1,9789635977994,3514,7,11,1,'Nick ├ęs\r\nCharlie\r\nszerelmesek\r\nEGYETEMI\r\nT├ÜRATERV\r\n├Źrta: Tara, Elle ├ęs Nick :)\r\nDe most hogyan tov├íbb?',4),('Loveless - Szerelem n├ęlk├╝l',1,2024,1,399,6,9789635979776,4084,10,19,1,'Mikor kezd┼Ĺdik m├ír az ┼Ĺ szerelmi t├Ârt├ęnete?\r\nA fanficmegsz├íllott Georgia m├ęg sosem volt szerelmes, sosem cs├│kol├│zott, m├ęg csak bele sem z├║gott senkibe, soha. De ├Âr├Âk romantikusk├ęnt biztos benne, hogy egy nap meg fogja tal├ílni az Igazit. Amikor elkezdi az egyetemet, k├ęsz├şt egy tervet, hogy mik├ęnt tal├ílhat r├í a szerelemre. ├üm a tettei f├íjdalmat okoznak a bar├ítainak, ├şgy felteszi mag├ínak a k├ęrd├ęst, mi├ęrt t┼▒nik olyan k├Ânny┼▒nek a romantika m├ísok sz├ím├íra, m├şg neki nem az.\r\n├Üj c├şmk├ęket aggatnak r├í - aszexu├ílis, aromantikus -, ├ęs ezek miatt Georgia m├ęg ink├íbb elbizonytalanodik\r\naz ├ęrz├ęseiben. Az a sorsa, hogy szeretet n├ęlk├╝l ├ęljen? Vagy mindv├ęgig rossz dolog ut├ín kutatott?\r\nEbben az ├Ânazonoss├ígr├│l ├ęs ├Ânelfogad├ísr├│l sz├│l├│ b├Âlcs, egy├╝tt├ęrz┼Ĺ ├ęs szellemes t├Ârt├ęnetben Alice Oseman cs├║csform├íban t├╝nd├Âk├Âl, mik├Âzben Georgia ├ęs a bar├ítai felfedezik, hogy az igaz szeretet nem korl├ítoz├│dik a romantik├íra.\r\nHagyd, hogy elvar├ízsoljon!',NULL),('Az ├ëhez┼Ĺk Viadala - Az ├ëhez┼Ĺk Viadala-tril├│gia 1. k├Âtete',8,2025,1,303,6,9789635980840,4731,23,19,1,'A gy┼Ĺztes jutalma h├şrn├ęv. A vesztes b├╝ntet├ęse hal├íl. A k├Âzelj├Âv┼Ĺ egy s├Ât├ęt vil├íg├íban tizenk├ęt fi├║ ├ęs tizenk├ęt l├íny k├╝zd egym├íssal egy ├ęl┼Ĺ telev├şzi├│s show-ban, aminek a c├şme Az ├ęhez┼Ĺk viadala. Egyetlen szab├íly van: ├Âlj vagy meg├Âlnek. Amikor a tizenhat ├ęves Katniss Everdeen a h├║g├ít mentve ├Ânk├ęnt jelentkezik, hogy r├ęszt vegyen a viadalon, az fel├ęr egy hal├ílos ├şt├ęlettel. De Katniss m├ír nem f├ęl a hal├ílt├│l. A t├║l├ęl├ęs a v├ęr├ęben van.',NULL),('A napp├í v├ílt l├íny ',8,2023,1,447,5,9789635981175,5206,12,13,1,'A Mulan ├ęs az Akhilleusz dala tal├ílkozik ebben a k├Âlt┼Ĺi bemutatkoz├│ reg├ęnyben, ami h├íbor├║r├│l ├ęs v├ęgzetr┼Ĺl sz├│l egy alternat├şv, leny┼▒g├Âz┼Ĺ K├şn├íban.\r\n\r\nEgy poros, s├írga s├şks├íg ├ęh├şns├ęgt┼Ĺl s├║jtott faluj├íban k├ęt gyerek k├ęt sorsot kap. A fi├║├ę lesz a nagyszer┼▒s├ęg. A l├íny├ę pedig a semmil├ęt...\r\n\r\n1345-ben K├şn├ít kem├ęny k├ęzzel vezetik a mongolok. A K├Âz├ęps┼Ĺ S├şks├íg ├ęhez┼Ĺ f├Âldm┼▒vesei a nagyszer┼▒s├ęget csup├ín a mes├ękb┼Ĺl ismerik - amikor azonban a Csu csal├íd nyolcadik fi├ínak, Csu Csungp├ínak m├ęgis e sorsot j├│solj├ík, senki sem ├ęrti, az vajon mik├ęnt v├ílik majd val├│ra. A semmil├ęt sorsa azonban, amit a csal├íd okos ├ęs lelem├ęnyes m├ísodsz├╝l├Âtt l├ínya kap, egy├íltal├ín nem meglep┼Ĺ.\r\n\r\nAmikor ├║ton├íll├│k t├ímad├ísa miatt ├írv├ín marad a k├ęt gyerek, Csu Csungpa az, aki megadja mag├ít a kil├ít├ístalans├ígnak, ├ęs meghal. A l├íny, aki k├ęts├ęgbeesetten szeretne menek├╝lni megj├Âvend├Âlt hal├íla el┼Ĺl, a b├ítyja szem├ęlyazonoss├íg├ít haszn├ílva nov├şciusnak ├íll egy kolostorban. Ott a t├║l├ęl├ęs ir├ínti, ├ęget┼Ĺ v├így├ít├│l ├Âszt├Âk├ęlve megtanulja, nem sz├ím├şt, milyen k├Âny├Ârtelen dologr├│l van sz├│, b├írmit k├ępes megtenni az├ęrt, hogy elrejt┼Ĺzz├Ân a v├ęgzete el┼Ĺl. S┼Ĺt, Csu id┼Ĺvel megpr├│b├ílja kihaszn├ílni a lehet┼Ĺs├ęget, hogy egy teljesen m├ís j├Âv┼Ĺt szerezzen meg mag├ínak: a b├ítyja gazd├ítlann├í v├ílt nagyszer┼▒s├ęg├ęt.',NULL),('A s├Ât├ęts├ęgbe fojtott vil├íg',8,2024,1,576,2,9789635982448,6631,12,13,1,'Mennyit ├íldozn├íl fel az├ęrt, hogy megszerezd a vil├ígot?\r\n\r\nCsu J├╝ancsang, a F├ęnyl┼Ĺ Kir├íly, csod├ílatos gy┼Ĺzelmet aratott, amikor elszak├ştotta K├şna d├ęli r├ęsz├ęt mongol uraikt├│l. Most ├║j v├ígyt├│l ├ęg: meg akarja szerezni a tr├│nt, ├ęs cs├ísz├írr├í akarja koron├ízni mag├ít.\r\n\r\nNem ┼Ĺ azonban az egyetlen, akit eff├ęle becsv├így hajt. D├ęli szomsz├ędja, Csang asszony, a kurtiz├ín, a f├ęrj├ęnek akarja megszerezni a tr├│nt - ├ęs el├ęg er┼Ĺs hozz├í, hogy elt├Âr├Âlje Cs├║t a F├Âld sz├şn├ęr┼Ĺl. Ahhoz, hogy j├ít├ękban maradjon, a fiatal n┼Ĺnek kock├íra kell tennie mindent, ├ęs sz├Âvets├ęgre kell l├ępnie egy r├ęgi ellens├ęg├ęvel, a tehets├ęges, ├ím kisz├ím├şthatatlan eunuchhal, Oujang t├íbornokkal, aki m├ír mindent feladott az├ęrt, hogy bossz├║t ├íllhasson apja gyilkos├ín, a nagyk├ínon.\r\n\r\nA d├ęliek tudt├ín k├şv├╝l egy ├║j szerepl┼Ĺ m├ęg k├Âzelebb ker├╝lt a tr├│nhoz. A len├ęzett tud├│s, Vang Paohsziang addig mesterkedett, am├şg el nem jutott a f┼Ĺv├írosba, ├ęs most hal├ílos udvari j├ít├ękai azzal fenyegetnek, hogy t├ęrdre k├ęnyszer├ştik a birodalmat. Paohsziang ugyanis szint├ęn bossz├║ra ├ęhezik: ┼Ĺ akar lenni a t├Ârt├ęnelem legelfajzottabb nagyk├ínja, hogy ezzel ┼▒zz├Ân g├║nyt az ├ęrt├ękekb┼Ĺl, amelyeket mongol harcosokb├│l ├íll├│ csal├ídja jobban szeretett n├íla.\r\n\r\nA tr├│nk├Âvetel┼Ĺk elt├Âk├ęlt├ęk, hogy b├írmit megtesznek a gy┼Ĺzelem├ęrt. Csakhogy amikor az ember v├így├ínak t├írgya az eg├ęsz vil├íg, az m├ęg a legkegyetlenebbek sz├ím├íra is t├║l sokba ker├╝lhet...',NULL),('Halloween ├ęs a hal├íl ',6,2025,1,346,1,9789636207007,3799,12,17,1,'\"A sz├ęp dolgokat n├ęzni kellemes elfoglalts├íg, de az ember m├ír-m├ír elvb┼Ĺl utas├ştja el a sz├ęps├ęget mag├ít. Egy n┼Ĺ, persze, megengedheti mag├ínak, hogy sz├ęp legyen, gondolta Hercule Poirot, abban azonban egy├íltal├ín nem volt biztos, mit gondoljon a f├ęrfi├║i sz├ęps├ęgr┼Ĺl. ┼É a maga r├ęsz├ęr┼Ĺl sohasem v├ígyott r├í, hogy sz├ęp fiatalember lehessen, nem mintha erre b├írmif├ęle es├ęlye lett volna valaha is.\" Mrs. Drake Woodleigh Common-i h├íz├íban Mindenszentek el┼Ĺest├ęj├ęn halloween-partit rendeznek. Ez id┼Ĺ t├íjt a kisv├írosban vend├ęgeskedik az ismert krimi-├şr├│n┼Ĺ, Mrs. Ariadne Oliver is, aki szint├ęn seg├ędkezik Mrs. Drake-nek a gyerekzs├║r el┼Ĺk├ęsz├╝leteiben. A s├╝rg├ęs-forg├ís k├Âzben a tizenh├írom ├ęves Joyce Reynolds azzal henceg Mrs. Olivernek ├ęs a t├Âbbi gyereknek, hogy r├ęgebben ┼Ĺ m├ír szemtan├║ja volt egy igazi gyilkoss├ígnak. A jelenl├ęv┼Ĺk, kiv├ętel n├ęlk├╝l, csak egyszer┼▒ sz├íjh┼Ĺsk├Âd├ęsnek tartj├ík Joyce ├íll├şt├ís├ít, eg├ęszen addig, m├şg a zs├║r v├ęg├ęn holtan nem tal├ílj├ík a kisl├ínyt. A k├Ânyvt├írszob├íban valaki az almahorg├ísz├íshoz haszn├ílt v├Âd├Âr v├şzbe fojtotta. Mrs. Oliver r├ęgi bar├ítj├íhoz, a zseni├ílis Hercule Poirot-hoz fordul seg├şts├ęg├ęrt.',NULL),('I Was Born For This - Erre sz├╝lettem',1,2024,1,364,6,9789636751494,3514,8,19,1,'- Meg fogok halni. T├Âkre meg fogok halni!\r\n- Ezt nem javasoln├ím - mondja Juliet, mintha k├ęthetes nyaral├íson j├írt volna a T├║lvil├ígon, ├ęs a TripAdvisoron ├Âtb┼Ĺl k├ęt pontot adott volna neki.\r\n\r\nAngel sz├ím├íra az ├ęlet egyetlen dologr├│l sz├│l: a The Arkr├│l, egy tin├ędzserfi├║kb├│l ├íll├│ pop-rock tri├│r├│l, akik rohaml├ęptekkel h├│d├ştj├ík meg a vil├ígot. Mindent, amit szeret, a The Ark-fandomnak k├Âsz├Ânhet: a bar├ítj├ít, Julietet, az ├ílmait, a hely├ęt a vil├ígban.\r\n\r\nJimmy mindent a The Arknak k├Âsz├Ânhet. ┼É a frontember├╝k - ├ęs egy band├íban j├ítszani a haverjaival minden, amir┼Ĺl valaha ├ílmodott.\r\n\r\nDe az ├ílmok nem mindig ├║gy alakulnak, ahogyan azt gondoljuk, ├ęs amikor Jimmy ├ęs Angel v├íratlanul\r\ntal├ílkoznak, r├íj├Ânnek, milyen furcsa ├ęs meglep┼Ĺ lehet szemben├ęzni a val├│s├íggal.\r\n\r\nVicces ├ęs b├Âlcs. Leny┼▒g├Âz┼Ĺen mutatja meg, milyen ereje van annak, ha hisz├╝nk valamiben - k├╝l├Ân├Âsen ├Ânmagunkban.\r\n\r\nHagyd, hogy mag├íval ragadjon!',NULL),('Percy Jackson ├ęs az olimposziak 6. - Az istenek kelyhe ',1,2025,1,256,7,9789636751944,3999,15,16,1,'F├ęlig haland├│. F├ęlig isten. ├Źzig-v├ęrig h┼Ĺs.\r\nPercy Jackson ├ęs bar├ítai leg├║jabb t├Ârt├ęnete meg├ęrkezett!\r\nA vill├ímtolvaj h┼Ĺsei ├║jra ├Âssze├íllnak, hogy szemben├ęzzenek eddigi legnagyobb kih├şv├ísukkal, ├ęs az istenek akad├ękoskod├ísa ellen├ęre bejuttass├ík Percyt az egyetemre.\r\nPercy Jackson, miut├ín t├Âbbsz├Âr is megmentette a vil├ígot, rem├ęli, hogy rendesen le├ęretts├ęgizhet. Sajnos az istenek m├ęg nem v├ęgeztek vele.\r\nPercynek h├írom k├╝ldet├ęst kell teljes├ştenie ahhoz, hogy megszerezze az Olimposz-hegyr┼Ĺl a tov├íbbtanul├íshoz sz├╝ks├ęges h├írom aj├ínl├│levelet.\r\nEls┼Ĺ k├╝ldet├ęse sor├ín Zeusz poh├írnok├ínak kell seg├ştenie visszaszerezni az aranykelyhet, miel┼Ĺtt az rossz kezekbe ker├╝lne. Vajon Percy, Grover ├ęs Annabeth id┼Ĺben sikerrel j├ír?\r\nA k├Ânyv ├Ân├íll├│an is ├ęlvezhet┼Ĺ. Az ├║j olvas├│k ├ęs azok a rajong├│k, akik m├ír t├Âbb mint egy ├ęvtizede k├şs├ęrik figyelemmel h┼Ĺseink kalandjait, egyform├ín ├Âr├╝lni fognak a g├Âr├Âg mitol├│gia leg├║jabb remek, po├ęnd├║s feldolgoz├ís├ínak.\r\nIsmerd meg te is Percy Jackson leg├║jabb kalandjait!',NULL),('Ostrom ├ęs vihar',1,2016,1,414,2,9789639492806,3799,12,13,1,'\"A s├Ât├ęts├ęg nem hal meg soha.\r\n\r\nAz Igaz-tengeren ├ít menek├╝l┼Ĺ Alina, akit k├şs├ęrtenek a Z├│n├íban meggyilkoltak szellemei, ├║j ├ęletet kezd Mallal egy ismeretlen f├Âld├Ân, mik├Âzben igyekszik titokban tartani napid├ęz┼Ĺ volt├ít. ├üm sok├íig nem hagyhatja maga m├Âg├Âtt sem a m├║ltj├ít, sem a sors├ít.\r\nAz ├ëj├║r rettenetes ├║j hatalom birtok├íban hagyta el az ├ürnyz├│n├ít, ├ęs veszedelmes tervet sz┼Ĺ, ami a v├ęgs┼Ĺkig pr├│b├íra teszi a term├ęszeti vil├íg hat├írait. Alina egy h├şrhedt kal├│z seg├şts├ęg├ęvel visszat├ęr a szeretett orsz├ígba, hogy elsz├íntan szembesz├ílljon a Ravk├íra t├Âr┼Ĺ er┼Ĺkkel. De a ahogy hatalma n├Âvekszik, Alina ├║gy s├╝llyed egyre m├ęlyebbre a tiltott m├ígi├íba ├ęs az ├ëj├║r j├ítszm├íj├íba, ├ęs t├ívolodik el egyre jobban Malt├│l. V├ílasztania kell haz├íja, a hatalom ├ęs a szerelem k├Âz├Âtt, amir┼Ĺl mindig ├║gy hitte, az vez├ęrli k├╝l├Ânben azt kock├íztatja, hogy mindent elvesz├şt a k├Âzelg┼Ĺ viharban.\"',NULL),('Fate/Grand Order -mortalis:stella- 4 (Manga) - Fate/Grand Order (Manga) 4',14,2023,2,235,6,9798888772119,7000,3,11,1,'The official manga adaptation of one of the most popular mobile games in the world makes its long-awaited return! Continue the time-traveling fantasy story that has enthralled millions, in a new adaptation from 28, the artist behind Tales of Zestiria!\n\n \n\nLet the Festivities Begin\n\nThe second singularity is back in the Roman Empire, where a ruler that should be dead is back to life and challenging Nero Claudius, the fifth emperor. Mash and Ritsuka lend Nero their assistance, but before the battle can begin, Caligula--NeroÔÇÖs uncle and the third emperor--stands in their way! The stage is set for a new Grand Order in ancient Rome! \n\n \n\nThe official adaptation of the 9 phenomenon that has become one of the most popular mobile games in the world!',4),('Fate/Grand Order -mortalis:stella- 5 (Manga) - Fate/Grand Order (Manga) 5',14,2023,2,220,6,9798888775899,6700,6,11,1,'The official manga adaptation of one of the most popular mobile games in the world makes its long-awaited return! Continue the time-traveling fantasy story that has enthralled millions, in a new adaptation from 28, the artist behind Tales of Zestiria!\n\n \n\nLet the Festivities Begin\n\nThe second singularity is back in the Roman Empire, where a ruler that should be dead is back to life and challenging Nero Claudius, the fifth emperor. Mash and Ritsuka lend Nero their assistance, but before the battle can begin, Caligula--NeroÔÇÖs uncle and the third emperor--stands in their way! The stage is set for a new Grand Order in ancient Rome! \n\n \n\nThe official adaptation of the 9 phenomenon that has become one of the most popular mobile games in the world!',4);
/*!40000 ALTER TABLE `termek` ENABLE KEYS */;
UNLOCK TABLES;

--
-- Table structure for table `tipus`
--

DROP TABLE IF EXISTS `tipus`;
/*!40101 SET @saved_cs_client     = @@character_set_client */;
/*!50503 SET character_set_client = utf8mb4 */;
CREATE TABLE `tipus` (
  `id` int NOT NULL AUTO_INCREMENT,
  `tipus_nev` varchar(150) COLLATE utf8mb4_hungarian_ci NOT NULL,
  PRIMARY KEY (`id`),
  UNIQUE KEY `tipus_nev` (`tipus_nev`)
) ENGINE=InnoDB AUTO_INCREMENT=4 DEFAULT CHARSET=utf8mb4 COLLATE=utf8mb4_hungarian_ci;
/*!40101 SET character_set_client = @saved_cs_client */;

--
-- Dumping data for table `tipus`
--

LOCK TABLES `tipus` WRITE;
/*!40000 ALTER TABLE `tipus` DISABLE KEYS */;
INSERT INTO `tipus` VALUES (3,'Antikv├írium'),(2,'e-k├Ânyv'),(1,'K├Ânyv');
/*!40000 ALTER TABLE `tipus` ENABLE KEYS */;
UNLOCK TABLES;

--
-- Table structure for table `vevo`
--

DROP TABLE IF EXISTS `vevo`;
/*!40101 SET @saved_cs_client     = @@character_set_client */;
/*!50503 SET character_set_client = utf8mb4 */;
CREATE TABLE `vevo` (
  `id` int NOT NULL AUTO_INCREMENT,
  `vevo_nev` varchar(150) COLLATE utf8mb4_hungarian_ci NOT NULL,
  `lakcim` varchar(150) COLLATE utf8mb4_hungarian_ci NOT NULL,
  `adoszam` varchar(15) COLLATE utf8mb4_hungarian_ci DEFAULT NULL,
  PRIMARY KEY (`id`)
) ENGINE=InnoDB DEFAULT CHARSET=utf8mb4 COLLATE=utf8mb4_hungarian_ci;
/*!40101 SET character_set_client = @saved_cs_client */;

--
-- Dumping data for table `vevo`
--

LOCK TABLES `vevo` WRITE;
/*!40000 ALTER TABLE `vevo` DISABLE KEYS */;
/*!40000 ALTER TABLE `vevo` ENABLE KEYS */;
UNLOCK TABLES;

--
-- Temporary view structure for view `├Âsszes k├Ânyv`
--

DROP TABLE IF EXISTS `├Âsszes k├Ânyv`;
/*!50001 DROP VIEW IF EXISTS `├Âsszes k├Ânyv`*/;
SET @saved_cs_client     = @@character_set_client;
/*!50503 SET character_set_client = utf8mb4 */;
/*!50001 CREATE VIEW `├Âsszes k├Ânyv` AS SELECT 
 1 AS `ISBN`,
 1 AS `cim`,
 1 AS `nyelv_nev`,
 1 AS `kiado_nev`,
 1 AS `borito_tipus`,
 1 AS `kat_nev`,
 1 AS `tipus_nev`,
 1 AS `illusztracio_leiras`,
 1 AS `szerzok`,
 1 AS `ford├ştok`,
 1 AS `illusztratorok`*/;
SET character_set_client = @saved_cs_client;

--
-- Final view structure for view `├Âsszes k├Ânyv`
--

/*!50001 DROP VIEW IF EXISTS `├Âsszes k├Ânyv`*/;
/*!50001 SET @saved_cs_client          = @@character_set_client */;
/*!50001 SET @saved_cs_results         = @@character_set_results */;
/*!50001 SET @saved_col_connection     = @@collation_connection */;
/*!50001 SET character_set_client      = utf8mb3 */;
/*!50001 SET character_set_results     = utf8mb3 */;
/*!50001 SET collation_connection      = utf8mb3_general_ci */;
/*!50001 CREATE ALGORITHM=UNDEFINED */
/*!50013 DEFINER=`root`@`localhost` SQL SECURITY DEFINER */
/*!50001 VIEW `├Âsszes k├Ânyv` AS select `termek`.`ISBN` AS `ISBN`,`termek`.`cim` AS `cim`,`nyelv`.`nyelv_nev` AS `nyelv_nev`,`kiado`.`kiado_nev` AS `kiado_nev`,`tipus`.`tipus_nev` AS `borito_tipus`,`kategoria`.`kat_nev` AS `kat_nev`,`tipus`.`tipus_nev` AS `tipus_nev`,`illusztracio`.`illusztracio` AS `illusztracio_leiras`,group_concat(distinct `szerz┼Ĺ`.`szerzo_nev` separator ', ') AS `szerzok`,group_concat(distinct `fordito`.`fordito_nev` separator ', ') AS `ford├ştok`,group_concat(distinct `illusztrator`.`illusztrator` separator ', ') AS `illusztratorok` from ((((((((((((`termek` left join `kapcsolo_szerzo` on((`termek`.`ISBN` = `kapcsolo_szerzo`.`ISBN`))) left join `szerz┼Ĺ` on((`szerz┼Ĺ`.`id` = `kapcsolo_szerzo`.`szerzo_id`))) left join `kapcsolo_fordito` on((`termek`.`ISBN` = `kapcsolo_fordito`.`ISBN`))) left join `fordito` on((`fordito`.`id` = `kapcsolo_fordito`.`fordito_id`))) left join `kapcsolo_illusztrator` on((`termek`.`ISBN` = `kapcsolo_illusztrator`.`ISBN`))) left join `illusztrator` on((`illusztrator`.`id` = `kapcsolo_illusztrator`.`illusztrator_id`))) left join `nyelv` on((`termek`.`nyelv_id` = `nyelv`.`id`))) left join `kiado` on((`termek`.`kiado_id` = `kiado`.`id`))) left join `borito` on((`termek`.`borito_id` = `borito`.`id`))) left join `kategoria` on((`termek`.`kategoria_id` = `kategoria`.`id`))) left join `tipus` on((`termek`.`tipus_id` = `tipus`.`id`))) left join `illusztracio` on((`termek`.`illusztracio` = `illusztracio`.`id`))) group by `termek`.`ISBN` */;
/*!50001 SET character_set_client      = @saved_cs_client */;
/*!50001 SET character_set_results     = @saved_cs_results */;
/*!50001 SET collation_connection      = @saved_col_connection */;
/*!40103 SET TIME_ZONE=@OLD_TIME_ZONE */;

/*!40101 SET SQL_MODE=@OLD_SQL_MODE */;
/*!40014 SET FOREIGN_KEY_CHECKS=@OLD_FOREIGN_KEY_CHECKS */;
/*!40014 SET UNIQUE_CHECKS=@OLD_UNIQUE_CHECKS */;
/*!40101 SET CHARACTER_SET_CLIENT=@OLD_CHARACTER_SET_CLIENT */;
/*!40101 SET CHARACTER_SET_RESULTS=@OLD_CHARACTER_SET_RESULTS */;
/*!40101 SET COLLATION_CONNECTION=@OLD_COLLATION_CONNECTION */;
/*!40111 SET SQL_NOTES=@OLD_SQL_NOTES */;

-- Dump completed on 2025-11-05 13:30:53
