-- MySQL dump 10.13  Distrib 8.0.42, for Win64 (x86_64)
--
-- Host: localhost    Database: konyvesbolt_projekt
-- ------------------------------------------------------
-- Server version	8.0.42

/*!40101 SET @OLD_CHARACTER_SET_CLIENT=@@CHARACTER_SET_CLIENT */;
/*!40101 SET @OLD_CHARACTER_SET_RESULTS=@@CHARACTER_SET_RESULTS */;
/*!40101 SET @OLD_COLLATION_CONNECTION=@@COLLATION_CONNECTION */;
/*!50503 SET NAMES utf8mb4 */;
/*!40103 SET @OLD_TIME_ZONE=@@TIME_ZONE */;
/*!40103 SET TIME_ZONE='+00:00' */;
/*!40014 SET @OLD_UNIQUE_CHECKS=@@UNIQUE_CHECKS, UNIQUE_CHECKS=0 */;
/*!40014 SET @OLD_FOREIGN_KEY_CHECKS=@@FOREIGN_KEY_CHECKS, FOREIGN_KEY_CHECKS=0 */;
/*!40101 SET @OLD_SQL_MODE=@@SQL_MODE, SQL_MODE='NO_AUTO_VALUE_ON_ZERO' */;
/*!40111 SET @OLD_SQL_NOTES=@@SQL_NOTES, SQL_NOTES=0 */;

--
-- Table structure for table `borito`
--

DROP TABLE IF EXISTS `borito`;
/*!40101 SET @saved_cs_client     = @@character_set_client */;
/*!50503 SET character_set_client = utf8mb4 */;
CREATE TABLE `borito` (
  `id` int NOT NULL AUTO_INCREMENT,
  `borito_nev` varchar(150) COLLATE utf8mb4_hungarian_ci NOT NULL,
  PRIMARY KEY (`id`),
  UNIQUE KEY `borito_nev` (`borito_nev`)
) ENGINE=InnoDB AUTO_INCREMENT=12 DEFAULT CHARSET=utf8mb4 COLLATE=utf8mb4_hungarian_ci;
/*!40101 SET character_set_client = @saved_cs_client */;

--
-- Dumping data for table `borito`
--

LOCK TABLES `borito` WRITE;
/*!40000 ALTER TABLE `borito` DISABLE KEYS */;
INSERT INTO `borito` VALUES (11,'CÉRNAFŰZÖTT, KEMÉNYTÁBLÁS'),(5,'FÜLES, KARTONÁLT'),(1,'KARTONÁLT'),(7,'KEMÉNYTÁBLA'),(4,'KEMÉNYTÁBLA, VÉDŐBORÍTÓ'),(10,'PAPÍR/PUHA KÖTÉS'),(9,'PAPÍRKÖTÉSŰ'),(2,'PUHATÁBLÁS'),(6,'PUHATÁBLÁS, RAGASZTÓKÖTÖTT'),(8,'RAGASZTOTT');
/*!40000 ALTER TABLE `borito` ENABLE KEYS */;
UNLOCK TABLES;

--
-- Table structure for table `fizetesi_mod`
--

DROP TABLE IF EXISTS `fizetesi_mod`;
/*!40101 SET @saved_cs_client     = @@character_set_client */;
/*!50503 SET character_set_client = utf8mb4 */;
CREATE TABLE `fizetesi_mod` (
  `id` int NOT NULL AUTO_INCREMENT,
  `fizetesi_nev` varchar(255) COLLATE utf8mb4_hungarian_ci NOT NULL,
  PRIMARY KEY (`id`),
  UNIQUE KEY `fizetesi_nev` (`fizetesi_nev`)
) ENGINE=InnoDB AUTO_INCREMENT=4 DEFAULT CHARSET=utf8mb4 COLLATE=utf8mb4_hungarian_ci;
/*!40101 SET character_set_client = @saved_cs_client */;

--
-- Dumping data for table `fizetesi_mod`
--

LOCK TABLES `fizetesi_mod` WRITE;
/*!40000 ALTER TABLE `fizetesi_mod` DISABLE KEYS */;
INSERT INTO `fizetesi_mod` VALUES (3,'Kártya'),(2,'Utalás'),(1,'Utánvét');
/*!40000 ALTER TABLE `fizetesi_mod` ENABLE KEYS */;
UNLOCK TABLES;

--
-- Table structure for table `fordito`
--

DROP TABLE IF EXISTS `fordito`;
/*!40101 SET @saved_cs_client     = @@character_set_client */;
/*!50503 SET character_set_client = utf8mb4 */;
CREATE TABLE `fordito` (
  `id` int NOT NULL AUTO_INCREMENT,
  `fordito_nev` varchar(150) COLLATE utf8mb4_hungarian_ci NOT NULL,
  PRIMARY KEY (`id`),
  UNIQUE KEY `fordito_nev` (`fordito_nev`)
) ENGINE=InnoDB AUTO_INCREMENT=18 DEFAULT CHARSET=utf8mb4 COLLATE=utf8mb4_hungarian_ci;
/*!40101 SET character_set_client = @saved_cs_client */;

--
-- Dumping data for table `fordito`
--

LOCK TABLES `fordito` WRITE;
/*!40000 ALTER TABLE `fordito` DISABLE KEYS */;
INSERT INTO `fordito` VALUES (10,'Acsai Roland'),(9,'Bozai Ágota'),(5,'Elekes Dóra'),(13,'Farkas Veronika'),(7,'Frei-Kovács Judit'),(16,'Hujder Adrienn'),(11,'Molnár Edit'),(17,'Molnár György'),(3,'Morcsányi Júlia'),(14,'Nagy Boldizsár'),(15,'Riesenberger Mónika'),(8,'Sárpátki Ádám'),(2,'Sziklai István'),(6,'Tóth Bálint Péter'),(12,'Totth Benedek'),(4,'Túri Zsuzsanna'),(1,'Varga Csaba Béla');
/*!40000 ALTER TABLE `fordito` ENABLE KEYS */;
UNLOCK TABLES;

--
-- Table structure for table `illusztracio`
--

DROP TABLE IF EXISTS `illusztracio`;
/*!40101 SET @saved_cs_client     = @@character_set_client */;
/*!50503 SET character_set_client = utf8mb4 */;
CREATE TABLE `illusztracio` (
  `id` int NOT NULL AUTO_INCREMENT,
  `illusztracio` varchar(150) COLLATE utf8mb4_hungarian_ci NOT NULL,
  PRIMARY KEY (`id`),
  UNIQUE KEY `illusztracio` (`illusztracio`)
) ENGINE=InnoDB AUTO_INCREMENT=7 DEFAULT CHARSET=utf8mb4 COLLATE=utf8mb4_hungarian_ci;
/*!40101 SET character_set_client = @saved_cs_client */;

--
-- Dumping data for table `illusztracio`
--

LOCK TABLES `illusztracio` WRITE;
/*!40000 ALTER TABLE `illusztracio` DISABLE KEYS */;
INSERT INTO `illusztracio` VALUES (6,'FEKETE FEHÉR RAJZOKKAL'),(5,'KÉPEKKEL'),(3,'KÉPREGÉNY'),(4,'MANGA/FEKEHETE-FEHÉR'),(2,'RAJZOKKAL'),(1,'SZÍNES RAJZOKKAL');
/*!40000 ALTER TABLE `illusztracio` ENABLE KEYS */;
UNLOCK TABLES;

--
-- Table structure for table `illusztrator`
--

DROP TABLE IF EXISTS `illusztrator`;
/*!40101 SET @saved_cs_client     = @@character_set_client */;
/*!50503 SET character_set_client = utf8mb4 */;
CREATE TABLE `illusztrator` (
  `id` int NOT NULL AUTO_INCREMENT,
  `illusztrator` varchar(150) COLLATE utf8mb4_hungarian_ci NOT NULL,
  PRIMARY KEY (`id`),
  UNIQUE KEY `illusztrator` (`illusztrator`)
) ENGINE=InnoDB AUTO_INCREMENT=8 DEFAULT CHARSET=utf8mb4 COLLATE=utf8mb4_hungarian_ci;
/*!40101 SET character_set_client = @saved_cs_client */;

--
-- Dumping data for table `illusztrator`
--

LOCK TABLES `illusztrator` WRITE;
/*!40000 ALTER TABLE `illusztrator` DISABLE KEYS */;
INSERT INTO `illusztrator` VALUES (2,'Ai Yazawa'),(4,'Aiya Kyu'),(3,'Aka Akasaka'),(1,'Alice Oseman'),(5,'Rokuro Saito'),(7,'Shuji SOGABE'),(6,'Type-Moon');
/*!40000 ALTER TABLE `illusztrator` ENABLE KEYS */;
UNLOCK TABLES;

--
-- Table structure for table `kapcsolo_fordito`
--

DROP TABLE IF EXISTS `kapcsolo_fordito`;
/*!40101 SET @saved_cs_client     = @@character_set_client */;
/*!50503 SET character_set_client = utf8mb4 */;
CREATE TABLE `kapcsolo_fordito` (
  `id` int NOT NULL AUTO_INCREMENT,
  `ISBN` bigint NOT NULL,
  `fordito_id` int NOT NULL,
  PRIMARY KEY (`id`),
  KEY `FK_kapcsolo_fordito_ISBN` (`ISBN`),
  KEY `FK_kapcsolo_fordito_fordito_id` (`fordito_id`),
  CONSTRAINT `FK_kapcsolo_fordito_fordito_id` FOREIGN KEY (`fordito_id`) REFERENCES `fordito` (`id`) ON DELETE CASCADE ON UPDATE CASCADE,
  CONSTRAINT `FK_kapcsolo_fordito_ISBN` FOREIGN KEY (`ISBN`) REFERENCES `termek` (`ISBN`) ON DELETE CASCADE ON UPDATE CASCADE
) ENGINE=InnoDB AUTO_INCREMENT=34 DEFAULT CHARSET=utf8mb4 COLLATE=utf8mb4_hungarian_ci;
/*!40101 SET character_set_client = @saved_cs_client */;

--
-- Dumping data for table `kapcsolo_fordito`
--

LOCK TABLES `kapcsolo_fordito` WRITE;
/*!40000 ALTER TABLE `kapcsolo_fordito` DISABLE KEYS */;
INSERT INTO `kapcsolo_fordito` VALUES (1,9789635616770,1),(2,9789639492806,2),(3,9789634577775,2),(4,9789635842247,3),(5,9789635843046,3),(6,9789633571750,4),(7,9789634470557,4),(8,9789636207007,5),(9,9789634526421,6),(10,9789634525653,7),(11,9789635981175,8),(12,9789635982448,8),(13,9789633731154,9),(14,9789633998489,10),(15,9789633998502,10),(16,9789633998526,10),(17,9789634571292,10),(18,9789636751944,11),(19,9789635980840,12),(20,9786155049729,12),(21,9789634196693,12),(22,9789634198154,13),(23,9789635977628,14),(24,9789635973828,15),(25,9789635972968,15),(26,9789635974313,15),(27,9789635974320,15),(28,9789635977994,15),(29,9789636751494,16),(30,9789635979776,16),(31,9789635976898,16),(32,9789634578857,16),(33,9789633999783,16);
/*!40000 ALTER TABLE `kapcsolo_fordito` ENABLE KEYS */;
UNLOCK TABLES;

--
-- Table structure for table `kapcsolo_illusztrator`
--

DROP TABLE IF EXISTS `kapcsolo_illusztrator`;
/*!40101 SET @saved_cs_client     = @@character_set_client */;
/*!50503 SET character_set_client = utf8mb4 */;
CREATE TABLE `kapcsolo_illusztrator` (
  `id` int NOT NULL AUTO_INCREMENT,
  `ISBN` bigint NOT NULL,
  `illusztrator_id` int NOT NULL,
  PRIMARY KEY (`id`),
  KEY `FK_kapcsolo_illusztrator_ISBN` (`ISBN`),
  KEY `FK_kapcsolo_illusztrator_illusztrator_id` (`illusztrator_id`),
  CONSTRAINT `FK_kapcsolo_illusztrator_illusztrator_id` FOREIGN KEY (`illusztrator_id`) REFERENCES `illusztrator` (`id`) ON DELETE CASCADE ON UPDATE CASCADE,
  CONSTRAINT `FK_kapcsolo_illusztrator_ISBN` FOREIGN KEY (`ISBN`) REFERENCES `termek` (`ISBN`) ON DELETE CASCADE ON UPDATE CASCADE
) ENGINE=InnoDB AUTO_INCREMENT=88 DEFAULT CHARSET=utf8mb4 COLLATE=utf8mb4_hungarian_ci;
/*!40101 SET character_set_client = @saved_cs_client */;

--
-- Dumping data for table `kapcsolo_illusztrator`
--

LOCK TABLES `kapcsolo_illusztrator` WRITE;
/*!40000 ALTER TABLE `kapcsolo_illusztrator` DISABLE KEYS */;
INSERT INTO `kapcsolo_illusztrator` VALUES (1,9781927925850,7),(2,9781772940800,7),(3,9781927925898,7),(4,9781927925874,7),(5,9781772940824,7),(6,9781927925881,7),(7,9781927925867,7),(8,9781927925904,7),(9,9781772942521,4),(10,9781772942538,4),(11,9781772942576,5),(12,9781927925799,5),(13,9781772940886,5),(14,9781772942569,5),(15,9781772942583,5),(16,9781772942545,5),(17,9781772942552,5),(18,9781974700301,3),(19,9781974700318,3),(20,9781974700325,3),(21,9781974728473,3),(22,9781974743421,3),(23,9781974724031,3),(24,9781974700493,3),(25,9781974725182,3),(26,9781974741052,3),(27,9781974732180,3),(28,9781974722860,3),(29,9781974714728,3),(30,9781974704408,3),(31,9781974705092,3),(32,9781974710713,3),(33,9781974736324,3),(34,9781974706631,3),(35,9781974738755,3),(36,9781974714735,3),(37,9781974709571,3),(38,9781974734481,3),(39,9781974717101,3),(40,9781974718740,3),(41,9781974701384,3),(42,9781974701391,3),(43,9781974721009,3),(44,9781974700509,3),(45,9781974707799,3),(46,9781927925577,7),(47,9781927925799,7),(48,9781927925836,7),(49,9781927925812,7),(50,9781772940893,7),(51,9781927925669,7),(52,9781772941333,7),(53,9781927925829,7),(54,9781772940763,7),(55,9781646513604,6),(56,9781632369079,6),(57,9781632368843,6),(58,9798888775899,6),(59,9798888772119,6),(60,9781421501086,2),(61,9781421503783,2),(62,9781421504797,2),(63,9781421504803,2),(64,9781421510194,2),(65,9781421510200,2),(66,9781421510217,2),(67,9781421515397,2),(68,9781421517452,2),(69,9781421517469,2),(70,9781421517476,2),(71,9781421518794,2),(72,9781421518800,2),(73,9781421519722,2),(74,9781421523743,2),(75,9781421523750,2),(76,9781421523767,2),(77,9781421526706,2),(78,9781421526713,2),(79,9781421530758,2),(80,9781421533087,2),(81,9789635973828,1),(82,9789635972968,1),(83,9789635974313,1),(84,9789635974320,1),(85,9789635977994,1),(86,9789635976898,1),(87,9789634578857,1);
/*!40000 ALTER TABLE `kapcsolo_illusztrator` ENABLE KEYS */;
UNLOCK TABLES;

--
-- Table structure for table `kapcsolo_szamla`
--

DROP TABLE IF EXISTS `kapcsolo_szamla`;
/*!40101 SET @saved_cs_client     = @@character_set_client */;
/*!50503 SET character_set_client = utf8mb4 */;
CREATE TABLE `kapcsolo_szamla` (
  `id` int NOT NULL AUTO_INCREMENT,
  `ISBN` bigint NOT NULL,
  `szamla_id` int NOT NULL,
  `darab` int NOT NULL,
  PRIMARY KEY (`id`),
  KEY `FK_kapcsolo_szamla_ISBN` (`ISBN`),
  KEY `FK_kapcsolo_szamla_szamla_id` (`szamla_id`),
  CONSTRAINT `FK_kapcsolo_szamla_ISBN` FOREIGN KEY (`ISBN`) REFERENCES `termek` (`ISBN`) ON DELETE CASCADE ON UPDATE CASCADE,
  CONSTRAINT `FK_kapcsolo_szamla_szamla_id` FOREIGN KEY (`szamla_id`) REFERENCES `szamla` (`szamla_id`) ON DELETE CASCADE ON UPDATE CASCADE
) ENGINE=InnoDB DEFAULT CHARSET=utf8mb4 COLLATE=utf8mb4_hungarian_ci;
/*!40101 SET character_set_client = @saved_cs_client */;

--
-- Dumping data for table `kapcsolo_szamla`
--

LOCK TABLES `kapcsolo_szamla` WRITE;
/*!40000 ALTER TABLE `kapcsolo_szamla` DISABLE KEYS */;
/*!40000 ALTER TABLE `kapcsolo_szamla` ENABLE KEYS */;
UNLOCK TABLES;

--
-- Table structure for table `kapcsolo_szerzo`
--

DROP TABLE IF EXISTS `kapcsolo_szerzo`;
/*!40101 SET @saved_cs_client     = @@character_set_client */;
/*!50503 SET character_set_client = utf8mb4 */;
CREATE TABLE `kapcsolo_szerzo` (
  `id` int NOT NULL AUTO_INCREMENT,
  `ISBN` bigint NOT NULL,
  `szerzo_id` int NOT NULL,
  PRIMARY KEY (`id`),
  KEY `FK_kapcsolo_szerzo_ISBN` (`ISBN`),
  KEY `FK_kapcsolo_szerzo_szerzo_id` (`szerzo_id`),
  CONSTRAINT `FK_kapcsolo_szerzo_ISBN` FOREIGN KEY (`ISBN`) REFERENCES `termek` (`ISBN`) ON DELETE CASCADE ON UPDATE CASCADE,
  CONSTRAINT `FK_kapcsolo_szerzo_szerzo_id` FOREIGN KEY (`szerzo_id`) REFERENCES `szerző` (`id`) ON DELETE CASCADE
) ENGINE=InnoDB AUTO_INCREMENT=128 DEFAULT CHARSET=utf8mb4 COLLATE=utf8mb4_hungarian_ci;
/*!40101 SET character_set_client = @saved_cs_client */;

--
-- Dumping data for table `kapcsolo_szerzo`
--

LOCK TABLES `kapcsolo_szerzo` WRITE;
/*!40000 ALTER TABLE `kapcsolo_szerzo` DISABLE KEYS */;
INSERT INTO `kapcsolo_szerzo` VALUES (1,9781927925850,14),(2,9781772940800,14),(3,9781927925898,14),(4,9781927925874,14),(5,9781772940824,14),(6,9781927925881,14),(7,9781927925867,14),(8,9781927925904,14),(9,9781772942521,14),(10,9781772942538,14),(11,9781772942576,14),(12,9781927925799,14),(13,9781772940886,14),(14,9781772942569,14),(15,9781772942583,14),(16,9781772942545,14),(17,9781772942552,14),(18,9781974700301,16),(19,9781974700318,16),(20,9781974700325,16),(21,9781974728473,16),(22,9781974743421,16),(23,9781974724031,16),(24,9781974700493,16),(25,9781974725182,16),(26,9781974741052,16),(27,9781974732180,16),(28,9781974722860,16),(29,9781974714728,16),(30,9781974704408,16),(31,9781974705092,16),(32,9781974710713,16),(33,9781974736324,16),(34,9781974706631,16),(35,9781974738755,16),(36,9781974714735,16),(37,9781974709571,16),(38,9781974734481,16),(39,9781974717101,16),(40,9781974718740,16),(41,9781974701384,16),(42,9781974701391,16),(43,9781974721009,16),(44,9781974700509,16),(45,9781974707799,16),(46,9781927925577,14),(47,9781927925799,14),(48,9781927925836,14),(49,9781927925812,14),(50,9781772940893,14),(51,9781927925669,14),(52,9781772941333,14),(53,9781927925829,14),(54,9781772940763,14),(55,9781646513604,15),(56,9781632369079,15),(57,9781632368843,15),(58,9798888775899,15),(59,9798888772119,15),(60,9789635616770,1),(61,9789639492806,1),(62,9789634577775,1),(63,9789635842247,2),(64,9789635843046,2),(65,9789633576144,3),(66,9789633571750,4),(67,9789633571750,3),(68,9789634470557,3),(69,2399987630880,5),(70,9789636207007,5),(71,9789634526421,6),(72,9789634525653,6),(73,9789635981175,7),(74,9789635982448,7),(75,9789633731154,8),(76,9789633998489,8),(77,9789633998502,8),(78,9789633998526,8),(79,9789634571292,8),(80,9789636751944,8),(81,9786155653087,9),(82,9786155653117,9),(83,9786155653148,9),(84,9786155653179,9),(85,9786155653209,9),(86,9786155653230,9),(87,9786155653261,9),(88,9786155653322,9),(89,9789635980840,10),(90,9786155049729,10),(91,9789634196693,10),(92,9789634198154,10),(93,9786156488336,11),(94,9781780622286,1),(95,9781780622316,1),(96,9789635977628,1),(97,9781421501086,12),(98,9781421503783,12),(99,9781421504797,12),(100,9781421504803,12),(101,9781421510194,12),(102,9781421510200,12),(103,9781421510217,12),(104,9781421515397,12),(105,9781421517452,12),(106,9781421517469,12),(107,9781421517476,12),(108,9781421518794,12),(109,9781421518800,12),(110,9781421519722,12),(111,9781421523743,12),(112,9781421523750,12),(113,9781421523767,12),(114,9781421526706,12),(115,9781421526713,12),(116,9781421530758,12),(117,9781421533087,12),(118,9789635973828,13),(119,9789635972968,13),(120,9789635974313,13),(121,9789635974320,13),(122,9789635977994,13),(123,9789636751494,13),(124,9789635979776,13),(125,9789635976898,13),(126,9789634578857,13),(127,9789633999783,13);
/*!40000 ALTER TABLE `kapcsolo_szerzo` ENABLE KEYS */;
UNLOCK TABLES;

--
-- Table structure for table `kategoria`
--

DROP TABLE IF EXISTS `kategoria`;
/*!40101 SET @saved_cs_client     = @@character_set_client */;
/*!50503 SET character_set_client = utf8mb4 */;
CREATE TABLE `kategoria` (
  `id` int NOT NULL AUTO_INCREMENT,
  `kat_nev` varchar(150) COLLATE utf8mb4_hungarian_ci NOT NULL,
  `katazon` int DEFAULT NULL,
  PRIMARY KEY (`id`),
  KEY `FK_kategoria_katazon` (`katazon`),
  CONSTRAINT `FK_kategoria_katazon` FOREIGN KEY (`katazon`) REFERENCES `kategoria` (`id`) ON DELETE CASCADE ON UPDATE CASCADE
) ENGINE=InnoDB AUTO_INCREMENT=21 DEFAULT CHARSET=utf8mb4 COLLATE=utf8mb4_hungarian_ci;
/*!40101 SET character_set_client = @saved_cs_client */;

--
-- Dumping data for table `kategoria`
--

LOCK TABLES `kategoria` WRITE;
/*!40000 ALTER TABLE `kategoria` DISABLE KEYS */;
INSERT INTO `kategoria` VALUES (1,'Gasztronómia',NULL),(2,'Irodalom',NULL),(3,'Életmód, egészség',NULL),(4,'Gyermek és ifjúsági',NULL),(5,'Képregény ',NULL),(6,'Kert, ház, otthon',NULL),(7,'Nyelvkönyv, szótár, idegen nyelvű',NULL),(8,'Történelem',NULL),(9,'Térkép',NULL),(10,'Tudomány és Természet',NULL),(11,'Képregény és Manga',5),(12,'Egyetemes töténelem, hadtörténet',8),(13,'Fantasy',2),(14,'Regény',15),(15,'Szépirodalom',NULL),(16,'Ifjúsági irodalom',4),(17,'Krimi, bűnügy',2),(18,'Történelmi',2),(19,'Szórakoztató Irodalom',2),(20,'Szakácskönyv',1);
/*!40000 ALTER TABLE `kategoria` ENABLE KEYS */;
UNLOCK TABLES;

--
-- Table structure for table `kiado`
--

DROP TABLE IF EXISTS `kiado`;
/*!40101 SET @saved_cs_client     = @@character_set_client */;
/*!50503 SET character_set_client = utf8mb4 */;
CREATE TABLE `kiado` (
  `id` int NOT NULL AUTO_INCREMENT,
  `kiado_nev` varchar(150) COLLATE utf8mb4_hungarian_ci NOT NULL,
  PRIMARY KEY (`id`),
  UNIQUE KEY `kiado_nev` (`kiado_nev`)
) ENGINE=InnoDB AUTO_INCREMENT=16 DEFAULT CHARSET=utf8mb4 COLLATE=utf8mb4_hungarian_ci;
/*!40101 SET character_set_client = @saved_cs_client */;

--
-- Dumping data for table `kiado`
--

LOCK TABLES `kiado` WRITE;
/*!40000 ALTER TABLE `kiado` DISABLE KEYS */;
INSERT INTO `kiado` VALUES (8,'Agave Könyvek Kiadó kft.'),(3,'Alexandra kiadó'),(4,'Alexandra könyvesház kft.'),(10,'Boook Kiadó Kft'),(9,'Carta Teen'),(5,'Európa Könyvkiadó'),(15,'Gabo Könyvkiadó és Keresk. Kft.'),(7,'General press kiadó'),(11,'Hachette Book Group UK'),(6,'Helikon Kiadó'),(14,'Kodansha America, Inc'),(1,'Könyvmolyképző Kiadó Kft.'),(2,'Menő könyvek'),(13,'Udon Entertainment Corp'),(12,'Viz Media, Subs. of Shogakukan Inc');
/*!40000 ALTER TABLE `kiado` ENABLE KEYS */;
UNLOCK TABLES;

--
-- Table structure for table `nyelv`
--

DROP TABLE IF EXISTS `nyelv`;
/*!40101 SET @saved_cs_client     = @@character_set_client */;
/*!50503 SET character_set_client = utf8mb4 */;
CREATE TABLE `nyelv` (
  `id` int NOT NULL AUTO_INCREMENT,
  `nyelv_nev` varchar(150) COLLATE utf8mb4_hungarian_ci NOT NULL,
  PRIMARY KEY (`id`),
  UNIQUE KEY `nyelv_nev` (`nyelv_nev`)
) ENGINE=InnoDB AUTO_INCREMENT=3 DEFAULT CHARSET=utf8mb4 COLLATE=utf8mb4_hungarian_ci;
/*!40101 SET character_set_client = @saved_cs_client */;

--
-- Dumping data for table `nyelv`
--

LOCK TABLES `nyelv` WRITE;
/*!40000 ALTER TABLE `nyelv` DISABLE KEYS */;
INSERT INTO `nyelv` VALUES (2,'Angol'),(1,'Magyar');
/*!40000 ALTER TABLE `nyelv` ENABLE KEYS */;
UNLOCK TABLES;

--
-- Temporary view structure for view `osszes_konyv`
--

DROP TABLE IF EXISTS `osszes_konyv`;
/*!50001 DROP VIEW IF EXISTS `osszes_konyv`*/;
SET @saved_cs_client     = @@character_set_client;
/*!50503 SET character_set_client = utf8mb4 */;
/*!50001 CREATE VIEW `osszes_konyv` AS SELECT 
 1 AS `ISBN`,
 1 AS `cim`,
 1 AS `nyelv_nev`,
 1 AS `kiado_nev`,
 1 AS `borito_tipus`,
 1 AS `kat_nev`,
 1 AS `tipus_nev`,
 1 AS `illusztracio_leiras`,
 1 AS `szerzok`,
 1 AS `fordítok`,
 1 AS `illusztratorok`*/;
SET character_set_client = @saved_cs_client;

--
-- Table structure for table `szamla`
--

DROP TABLE IF EXISTS `szamla`;
/*!40101 SET @saved_cs_client     = @@character_set_client */;
/*!50503 SET character_set_client = utf8mb4 */;
CREATE TABLE `szamla` (
  `szamla_id` int NOT NULL AUTO_INCREMENT,
  `fizetesi_mod` int NOT NULL,
  `teljesites_kelte` date DEFAULT NULL,
  `szamla_kelte` date NOT NULL,
  `fizetesi_hatarido` date NOT NULL,
  `vevo_id` int NOT NULL,
  `szamlaszam` varchar(15) COLLATE utf8mb4_hungarian_ci NOT NULL,
  PRIMARY KEY (`szamla_id`),
  KEY `FK_szamla_fizetesi_mod` (`fizetesi_mod`),
  KEY `FK_szamla_vevo_id` (`vevo_id`),
  CONSTRAINT `FK_szamla_fizetesi_mod` FOREIGN KEY (`fizetesi_mod`) REFERENCES `fizetesi_mod` (`id`) ON DELETE CASCADE ON UPDATE CASCADE,
  CONSTRAINT `FK_szamla_vevo_id` FOREIGN KEY (`vevo_id`) REFERENCES `vevo` (`id`) ON DELETE CASCADE ON UPDATE CASCADE
) ENGINE=InnoDB DEFAULT CHARSET=utf8mb4 COLLATE=utf8mb4_hungarian_ci;
/*!40101 SET character_set_client = @saved_cs_client */;

--
-- Dumping data for table `szamla`
--

LOCK TABLES `szamla` WRITE;
/*!40000 ALTER TABLE `szamla` DISABLE KEYS */;
/*!40000 ALTER TABLE `szamla` ENABLE KEYS */;
UNLOCK TABLES;

--
-- Table structure for table `szerző`
--

DROP TABLE IF EXISTS `szerző`;
/*!40101 SET @saved_cs_client     = @@character_set_client */;
/*!50503 SET character_set_client = utf8mb4 */;
CREATE TABLE `szerző` (
  `id` int NOT NULL AUTO_INCREMENT,
  `szerzo_nev` varchar(150) COLLATE utf8mb4_hungarian_ci NOT NULL,
  PRIMARY KEY (`id`),
  UNIQUE KEY `szerzo_nev` (`szerzo_nev`)
) ENGINE=InnoDB AUTO_INCREMENT=18 DEFAULT CHARSET=utf8mb4 COLLATE=utf8mb4_hungarian_ci;
/*!40101 SET character_set_client = @saved_cs_client */;

--
-- Dumping data for table `szerző`
--

LOCK TABLES `szerző` WRITE;
/*!40000 ALTER TABLE `szerző` DISABLE KEYS */;
INSERT INTO `szerző` VALUES (2,'Adam Silvera'),(5,'Agatha Christie'),(12,'Ai Yazawa'),(16,'Aka Akasaka'),(13,'Alice Oseman'),(14,'Atlus'),(4,'Geronimo Stilton'),(17,'Hisato Murasaki'),(3,'Joe Carrot'),(1,'Leigh Bardugo'),(9,'Leiner Laura'),(6,'Madeline Miller'),(8,'Rick Riordan'),(7,'Shelley Parker-Chan'),(15,'Shiramine'),(10,'Suzanne Collins'),(11,'Szabó Adrienn');
/*!40000 ALTER TABLE `szerző` ENABLE KEYS */;
UNLOCK TABLES;

--
-- Table structure for table `termek`
--

DROP TABLE IF EXISTS `termek`;
/*!40101 SET @saved_cs_client     = @@character_set_client */;
/*!50503 SET character_set_client = utf8mb4 */;
CREATE TABLE `termek` (
  `cim` varchar(255) COLLATE utf8mb4_hungarian_ci NOT NULL,
  `kiado_id` int NOT NULL,
  `kiadas_eve` year NOT NULL,
  `nyelv_id` int NOT NULL,
  `oldalak_szama` int NOT NULL,
  `borito_id` int DEFAULT NULL,
  `ISBN` bigint NOT NULL,
  `ar` int NOT NULL,
  `raktar` int NOT NULL DEFAULT '1',
  `kategoria_id` int NOT NULL,
  `tipus_id` int NOT NULL,
  `leiras` longtext COLLATE utf8mb4_hungarian_ci,
  `illusztracio` int DEFAULT NULL,
  PRIMARY KEY (`ISBN`),
  KEY `FK_termek_kiado_id` (`kiado_id`),
  KEY `FK_termek_nyelv_id` (`nyelv_id`),
  KEY `FK_termek_borito_id` (`borito_id`),
  KEY `FK_termek_kategoria_id` (`kategoria_id`),
  KEY `FK_termek_tipus_id` (`tipus_id`),
  KEY `FK_termek_illusztracio` (`illusztracio`),
  CONSTRAINT `FK_termek_borito_id` FOREIGN KEY (`borito_id`) REFERENCES `borito` (`id`) ON DELETE CASCADE ON UPDATE CASCADE,
  CONSTRAINT `FK_termek_illusztracio` FOREIGN KEY (`illusztracio`) REFERENCES `illusztracio` (`id`) ON DELETE CASCADE ON UPDATE CASCADE,
  CONSTRAINT `FK_termek_kategoria_id` FOREIGN KEY (`kategoria_id`) REFERENCES `kategoria` (`id`) ON DELETE CASCADE ON UPDATE CASCADE,
  CONSTRAINT `FK_termek_kiado_id` FOREIGN KEY (`kiado_id`) REFERENCES `kiado` (`id`) ON DELETE CASCADE ON UPDATE CASCADE,
  CONSTRAINT `FK_termek_nyelv_id` FOREIGN KEY (`nyelv_id`) REFERENCES `nyelv` (`id`) ON DELETE CASCADE ON UPDATE CASCADE,
  CONSTRAINT `FK_termek_tipus_id` FOREIGN KEY (`tipus_id`) REFERENCES `tipus` (`id`) ON DELETE CASCADE ON UPDATE CASCADE
) ENGINE=InnoDB DEFAULT CHARSET=utf8mb4 COLLATE=utf8mb4_hungarian_ci;
/*!40101 SET character_set_client = @saved_cs_client */;

--
-- Dumping data for table `termek`
--

LOCK TABLES `termek` WRITE;
/*!40000 ALTER TABLE `termek` DISABLE KEYS */;
INSERT INTO `termek` VALUES ('Egy marék rozs',5,1977,1,231,10,2399987630880,940,1,17,3,'Rex Fortescue rosszul lesz az irodájában, a Cityben, és a kórházban meghal. \"A tea...\" - mondta a halála előtt. De a méreg, ami végzett vele, nem lehetett a teában. A zsebében pedig egy marék rozst találnak. Gyanúsítottban nincs hiány: a néhai pénzmágnás közutálatnak örvendett.\r\nNeele felügyelőnek a nyomozásban segítőtársa is akad hamarosan. A Tiszafa-kunyhóba, a Fortescue család házába megérkezik Miss Marple. Addigra már három hulla van: Adele, Rex felesége és Gladys, a szobalány is gyilkosság áldozata lett. Miss Marple, akinél Gladys régebben szolgált, az ő halála miatt ártja bele magát az ügybe. \"Hat hatosról énekelj\", idézi a gyerekverset, amelyben a pástétomba sütött feketerigókról is szó esik. Tiszafa-kunyhóban pedig néhány hete döglött rigókat találtak!\r\nTalán a legcsavarosabb eset ez, amellyel Jane Marple-nek meg kell birkóznia.',NULL),('Nana, Vol. 1 - Nana',12,2008,2,192,9,9781421501086,3999,10,11,1,'A chance meeting on a train to Tokyo sends two girls named Nana on a collision course with destiny!\r\n\r\nNana \"Hachi\" Komatsu hopes that moving to Tokyo will help her make a clean start and leave her capricious love life behind her. Nana Osaki, who arrives in the city at the same time, has plans to score big in the world of rock\'n\'roll. Although these two young women come from different backgrounds, they quickly become best friends in a whirlwind world of sex, music, fashion, gossip and all-night parties!\r\n\r\nNana Komatsu is a young woman who\'s endured an unending string of boyfriend problems. Moving to Tokyo, she\'s hoping to take control of her life and put all those messy misadventures behind her. She\'s looking for love and she\'s hoping to find it in the big city.\r\n\r\nNana Osaki, on the other hand, is cool, confident and focused. She swaggers into town and proceeds to kick down the doors to Tokyo\'s underground punk scene. She\'s got a dream and won\'t give up until she becomes Japan\'s No. 1 rock\'n\'roll superstar.\r\n\r\nThis is the story of two 20-year-old women who share the same name. Even though they come from completely different backgrounds, they somehow meet and become best friends. The world of Nana is a world exploding with sex, music, fashion, gossip and all-night parties.',4),('Nana, Vol. 2 - Nana',12,2008,2,200,9,9781421503783,3999,11,11,1,'A chance meeting on a train to Tokyo sends two girls named Nana on a collision course with destiny!\r\n\r\nNana \"Hachi\" Komatsu hopes that moving to Tokyo will help her make a clean start and leave her capricious love life behind her. Nana Osaki, who arrives in the city at the same time, has plans to score big in the world of rock\'n\'roll. Although these two young women come from different backgrounds, they quickly become best friends in a whirlwind world of sex, music, fashion, gossip and all-night parties!\r\n\r\nAnxious to get into a Tokyo groove, both women are on the prowl for a funky and cheap place to live. But inexpensive apartments in Japan\'s capital city are hard to find. Thank goodness each Nana has a clique of cool friends willing to help out. Too bad these friends are a little wiggy!',4),('Nana, Vol. 3 - Nana',12,2008,2,192,9,9781421504797,3999,12,11,1,'A chance meeting on a train to Tokyo sends two girls named Nana on a collision course with destiny!\r\n\r\nNana \"Hachi\" Komatsu hopes that moving to Tokyo will help her make a clean start and leave her capricious love life behind her. Nana Osaki, who arrives in the city at the same time, has plans to score big in the world of rock\'n\'roll. Although these two young women come from different backgrounds, they quickly become best friends in a whirlwind world of sex, music, fashion, gossip and all-night parties!\r\n\r\nThings are slowly coming together for Nana Osaki. The guitarist and drummer from her old band have joined her in Tokyo and she\'s finally found a ripping new bass player to replace Ren Honjo. The Black Stones are back and they\'re ready to kick some ass.\r\n\r\nNana Komatsu, however, can\'t shake her old nemesis, the Demon Lord. She\'s stuck in a dead-end job and there\'s trouble brewing with her boyfriend, Shoji. He\'s been working late and hasn\'t exactly been the most attentive lover. Poor Nana. Life in Tokyo is turning out to be a total bummer.',4),('Nana, Vol. 4 - Nana',12,2008,2,192,9,9781421504803,3999,20,11,1,'A chance meeting on a train to Tokyo sends two girls named Nana on a collision course with destiny!\r\n\r\nNana \"Hachi\" Komatsu hopes that moving to Tokyo will help her make a clean start and leave her capricious love life behind her. Nana Osaki, who arrives in the city at the same time, has plans to score big in the world of rock\'n\'roll. Although these two young women come from different backgrounds, they quickly become best friends in a whirlwind world of sex, music, fashion, gossip and all-night parties!\r\n\r\nNana K.\'s perfect Tokyo life is crumbling around her. She can\'t keep a job, she can\'t keep any money, and now it looks like she can\'t even keep her boyfriend! But luckily, a tasty nugget of gossip about Nana O.\'s past love life helps Nana K. keep her mind off her own troubles. If she can play the role of cupid for her best friend, can Nana K. get closer to her own happy ending?',4),('Nana, Vol. 5 - Nana',12,2008,2,200,9,9781421510194,3999,6,11,1,'A chance meeting on a train to Tokyo sends two girls named Nana on a collision course with destiny!\r\n\r\nNana \"Hachi\" Komatsu hopes that moving to Tokyo will help her make a clean start and leave her capricious love life behind her. Nana Osaki, who arrives in the city at the same time, has plans to score big in the world of rock\'n\'roll. Although these two young women come from different backgrounds, they quickly become best friends in a whirlwind world of sex, music, fashion, gossip and all-night parties!\r\n\r\nNana K. is going home--for an awesome Trapnest concert! She drags Nana O. along, convinced that somehow Ren will sense his ex-flame in the audience. But life is never that easy, and Nana O. isn\'t sure if she even wants Ren back. As for Nana K., is she prepared for Trapnest to come down off the stage and into her life, or will her fan-girl attitude land her in a heap of trouble?',4),('Nana, Vol. 6 - Nana',12,2008,2,192,9,9781421510200,3999,30,11,1,'A chance meeting on a train to Tokyo sends two girls named Nana on a collision course with destiny!\r\n\r\nNana \"Hachi\" Komatsu hopes that moving to Tokyo will help her make a clean start and leave her capricious love life behind her. Nana Osaki, who arrives in the city at the same time, has plans to score big in the world of rock\'n\'roll. Although these two young women come from different backgrounds, they quickly become best friends in a whirlwind world of sex, music, fashion, gossip and all-night parties!\r\n\r\nNana\'s band Blast is taking off in a big way--from sold-out club dates to a record label waving a contract at them. But the Trapnest menace still lurks, stealing away everything she cares for. Trapnest took her boyfriend, and even though Ren is back in her life, his band still comes first. And now her trusty sidekick Hachi is being lured away by Trapnest bassist Takumi. But this time, Nana won\'t give up without a fight!',4),('Nana, Vol. 7 - Nana',12,2008,2,208,9,9781421510217,3999,21,11,1,'A chance meeting on a train to Tokyo sends two girls named Nana on a collision course with destiny!\r\n\r\nNana \"Hachi\" Komatsu hopes that moving to Tokyo will help her make a clean start and leave her capricious love life behind her. Nana Osaki, who arrives in the city at the same time, has plans to score big in the world of rock\'n\'roll. Although these two young women come from different backgrounds, they quickly become best friends in a whirlwind world of sex, music, fashion, gossip and all-night parties!\r\n\r\nHachi was happy to be Blast\'s biggest cheerleader, but now that the band is taking off, she\'s discovering that there are hordes of fans eager to take her place. At the same time, her involvement with Trapnest hottie Takumi is turning into a romantic entanglement she hadn\'t expected. When a chance for another kind of happiness presents itself, will Hachi be strong enough to face the difficult choices that result?',4),('Nana, Vol. 8 - Nana',12,2008,2,200,9,9781421515397,3999,12,11,1,'A chance meeting on a train to Tokyo sends two girls named Nana on a collision course with destiny!\r\n\r\nNana \"Hachi\" Komatsu hopes that moving to Tokyo will help her make a clean start and leave her capricious love life behind her. Nana Osaki, who arrives in the city at the same time, has plans to score big in the world of rock\'n\'roll. Although these two young women come from different backgrounds, they quickly become best friends in a whirlwind world of sex, music, fashion, gossip and all-night parties!\r\n\r\nHachi\'s happiness with Nobu is slipping through her fingers as an unexpected complication with Takumi threatens to upend her entire life. And unlike her past romantic woes, the choice she makes now will change the lives of everyone around her.',4),('Nana, Vol. 9 - Nana',12,2008,2,280,9,9781421517452,3999,8,11,1,'A chance meeting on a train to Tokyo sends two girls named Nana on a collision course with destiny!\r\n\r\nNana \"Hachi\" Komatsu hopes that moving to Tokyo will help her make a clean start and leave her capricious love life behind her. Nana Osaki, who arrives in the city at the same time, has plans to score big in the world of rock\'n\'roll. Although these two young women come from different backgrounds, they quickly become best friends in a whirlwind world of sex, music, fashion, gossip and all-night parties!\r\n\r\nTakumi and Hachi are getting married, but it\'s far from a joyous announcement. Nobu and Nana are devastated, and even Takumi\'s bandmates take the news hard. With paparazzi skulking around for a new scandal to exploit and tensions between Trapnest and Blast on high alert, will Hachi ever get her happily ever after?',4),('Nana, Vol. 10 - Nana',12,2008,2,280,9,9781421517469,3999,22,11,1,'A chance meeting on a train to Tokyo sends two girls named Nana on a collision course with destiny!\r\n\r\nNana \"Hachi\" Komatsu hopes that moving to Tokyo will help her make a clean start and leave her capricious love life behind her. Nana Osaki, who arrives in the city at the same time, has plans to score big in the world of rock\'n\'roll. Although these two young women come from different backgrounds, they quickly become best friends in a whirlwind world of sex, music, fashion, gossip and all-night parties!\r\n\r\nBeing engaged isn\'t as wonderful as Hachi thought it would be. She has a trendy new apartment, but she\'s isolated from all her friends and Takumi is hardly ever home. When scandal hits hard, Trapnest (and her fiancé) flee to Europe, and Hachi is left to watch Blast suffer in the scandal rags and tabloid shows.',4),('Nana, Vol. 11 - Nana',12,2008,2,256,9,9781421517476,3999,19,11,1,'A chance meeting on a train to Tokyo sends two girls named Nana on a collision course with destiny!\r\n\r\nNana \"Hachi\" Komatsu hopes that moving to Tokyo will help her make a clean start and leave her capricious love life behind her. Nana Osaki, who arrives in the city at the same time, has plans to score big in the world of rock\'n\'roll. Although these two young women come from different backgrounds, they quickly become best friends in a whirlwind world of sex, music, fashion, gossip and all-night parties!\r\n\r\nWith the tabloids still out for blood, Nana and her Blast bandmates move into a weird dorm building run by their agency. But they\'ve barely got enough time to settle into their new digs because their crammed schedule has them running from music studio to TV interview. The stress of band life and dealing with a disintegrating Ren have started to take their toll on Nana. If she collapses now, will she ever get back up?',4),('Nana, Vol. 12 - Nana',12,2009,2,208,9,9781421518794,3999,20,11,1,'A chance meeting on a train to Tokyo sends two girls named Nana on a collision course with destiny!\r\n\r\nNana \"Hachi\" Komatsu hopes that moving to Tokyo will help her make a clean start and leave her capricious love life behind her. Nana Osaki, who arrives in the city at the same time, has plans to score big in the world of rock\'n\'roll. Although these two young women come from different backgrounds, they quickly become best friends in a whirlwind world of sex, music, fashion, gossip and all-night parties!\r\n\r\nHachi tells herself that she\'s got her eye on the future and her life with Takumi, but she just can\'t let go of the past and her friendship with Nana and the rest of Blast--especially Nobu. And the tangle gets thicker when Hachi\'s wedding has to be postponed in favor of Nana and Ren\'s nuptials. Can Hachi handle another delay in her happily-ever-after?',4),('Nana, Vol. 13 - Nana',12,2009,2,200,9,9781421518800,3999,13,11,1,'A chance meeting on a train to Tokyo sends two girls named Nana on a collision course with destiny!\r\n\r\nNana \"Hachi\" Komatsu hopes that moving to Tokyo will help her make a clean start and leave her capricious love life behind her. Nana Osaki, who arrives in the city at the same time, has plans to score big in the world of rock\'n\'roll. Although these two young women come from different backgrounds, they quickly become best friends in a whirlwind world of sex, music, fashion, gossip and all-night parties!\r\n\r\nHachi hasn\'t seen Nana or the rest of Blast since she moved in with Takumi, and Shin and Reira\'s joint birthday party seems like the perfect chance for a little reunion. But Takumi is furious at Hachi for crashing the event, and she is forced to choose Takumi over Nana one more time. But was this Hachi\'s last chance to get back in Nana\'s life?',4),('Nana, Vol. 14 - Nana',12,2009,2,200,9,9781421519722,3999,3,11,1,'A chance meeting on a train to Tokyo sends two girls named Nana on a collision course with destiny!\r\n\r\nNana \"Hachi\" Komatsu hopes that moving to Tokyo will help her make a clean start and leave her capricious love life behind her. Nana Osaki, who arrives in the city at the same time, has plans to score big in the world of rock\'n\'roll. Although these two young women come from different backgrounds, they quickly become best friends in a whirlwind world of sex, music, fashion, gossip and all-night parties!\r\n\r\nAs Blast gears up for their major label debut, their fan club starts mobilizing. Led by the chic Shion, these ladies are serious fans who won\'t let anyone mess with their band. But the fan club has it out for Misato, a maverick fan who has gotten too close to Nana. What will they say when they find out Misato is applying for a job with Blast?!',4),('Nana, Vol. 15 - Nana',12,2009,2,200,9,9781421523743,3999,7,11,1,'A chance meeting on a train to Tokyo sends two girls named Nana on a collision course with destiny!\r\n\r\nNana \"Hachi\" Komatsu hopes that moving to Tokyo will help her make a clean start and leave her capricious love life behind her. Nana Osaki, who arrives in the city at the same time, has plans to score big in the world of rock\'n\'roll. Although these two young women come from different backgrounds, they quickly become best friends in a whirlwind world of sex, music, fashion, gossip and all-night parties!\r\n\r\nOne of the tabloids hounding Blast and Trapnest has photos that make it look like Reira and Ren are having an affair. With Nana and Ren’s engagement recently made public, the photos could spell doom for both bands. Takumi’s willing to do whatever it takes to save his band, but how will it affect Hachi and the happily ever after she’s still hoping for?',4),('Nana, Vol. 16 - Nana',12,2009,2,264,9,9781421523750,3999,10,11,1,'A chance meeting on a train to Tokyo sends two girls named Nana on a collision course with destiny!\r\n\r\nNana \"Hachi\" Komatsu hopes that moving to Tokyo will help her make a clean start and leave her capricious love life behind her. Nana Osaki, who arrives in the city at the same time, has plans to score big in the world of rock\'n\'roll. Although these two young women come from different backgrounds, they quickly become best friends in a whirlwind world of sex, music, fashion, gossip and all-night parties!\r\n\r\nBlast is at the top of the charts, and the band is making all kinds of P.R. appearances. Nana just wants to sing though, and all the marketing is starting to wear on her. A party planned for the loyal fans might be just what she needs to cheer her up. But there are secrets about her past lurking in Osaka, and the magazine Search Weekly is determined to bring them to light!',4),('Nana, Vol. 17 - Nana',12,2009,2,200,9,9781421523767,3999,21,11,1,'A chance meeting on a train to Tokyo sends two girls named Nana on a collision course with destiny!\r\n\r\nNana \"Hachi\" Komatsu hopes that moving to Tokyo will help her make a clean start and leave her capricious love life behind her. Nana Osaki, who arrives in the city at the same time, has plans to score big in the world of rock\'n\'roll. Although these two young women come from different backgrounds, they quickly become best friends in a whirlwind world of sex, music, fashion, gossip and all-night parties!\r\n\r\nEver since she got engaged to Takumi and moved out of apartment 707, Hachi has felt like she\'s slipping out of Nana\'s life. When the tabloids start digging up Nana\'s troubled family history, Hachi tries to step in and take care of things. But the price for bringing down Blast keeps going up. Will Hachi\'s good intentions just make things worse?!',4),('Nana, Vol. 18 - Nana',12,2009,2,256,9,9781421526706,3999,13,11,1,'A chance meeting on a train to Tokyo sends two girls named Nana on a collision course with destiny!\r\n\r\nNana \"Hachi\" Komatsu hopes that moving to Tokyo will help her make a clean start and leave her capricious love life behind her. Nana Osaki, who arrives in the city at the same time, has plans to score big in the world of rock\'n\'roll. Although these two young women come from different backgrounds, they quickly become best friends in a whirlwind world of sex, music, fashion, gossip and all-night parties!\r\n\r\nThings aren\'t looking good for Blast. Shin, under extreme stress from the band\'s rising success and his relationship with Reira, seeks out reconciliation wherever he can. Reestablishing ties with his own family turns out to be a horrible failure, and before he can connect Nana with her unknown little sister, Shin gets arrested! Is this the end of Blast?!',4),('Nana, Vol. 19 - Nana',12,2009,2,194,9,9781421526713,3999,3,11,1,'A chance meeting on a train to Tokyo sends two girls named Nana on a collision course with destiny!\r\n\r\nNana \"Hachi\" Komatsu hopes that moving to Tokyo will help her make a clean start and leave her capricious love life behind her. Nana Osaki, who arrives in the city at the same time, has plans to score big in the world of rock\'n\'roll. Although these two young women come from different backgrounds, they quickly become best friends in a whirlwind world of sex, music, fashion, gossip and all-night parties!\r\n\r\nThe tabloid feeding frenzy has finally brought Blast down, but Nana is determined to keep hope alive. She\'s going to take a gig as a solo artist and even accept acting jobs she has no interest in. As long as she keeps herself in the spotlight, she knows there\'s a chance Blast can make a comeback. But while all eyes are on Nana, what\'s happening to her friends in the background?!',4),('Nana, Vol. 20 - Nana',12,2010,2,194,9,9781421530758,3999,9,11,1,'A chance meeting on a train to Tokyo sends two girls named Nana on a collision course with destiny!\r\n\r\nNana \"Hachi\" Komatsu hopes that moving to Tokyo will help her make a clean start and leave her capricious love life behind her. Nana Osaki, who arrives in the city at the same time, has plans to score big in the world of rock\'n\'roll. Although these two young women come from different backgrounds, they quickly become best friends in a whirlwind world of sex, music, fashion, gossip and all-night parties!\r\n\r\nRen\'s drug use is spiraling out of control and he doesn\'t want to drag Trapnest down with him. Neither Takumi nor Reira are willing to let Ren quit the band, and both do their best to give him the time he needs to get it together. But Ren isn\'t sure this is something he can handle on his own. Will he turn to Nana for help, or will their strained relationship make him try to face his demons alone?',4),('Nana, Vol. 21 - Nana',12,2010,2,192,9,9781421533087,3999,18,11,1,'A chance meeting on a train to Tokyo sends two girls named Nana on a collision course with destiny!\r\n\r\nNana \"Hachi\" Komatsu hopes that moving to Tokyo will help her make a clean start and leave her capricious love life behind her. Nana Osaki, who arrives in the city at the same time, has plans to score big in the world of rock\'n\'roll. Although these two young women come from different backgrounds, they quickly become best friends in a whirlwind world of sex, music, fashion, gossip and all-night parties!\r\n\r\nTragedy strikes as the Search Weekly team takes their snooping too far! Hounded to the limit by remorseless reporters, Ren spins his car off the icy road in a horrible accident that will change the course of everyone\'s future...',4),('Fate/grand Order -mortalis:stella- 1 (manga)',14,2023,2,217,6,9781632368843,6800,11,11,1,'The official manga adaptation of one of the most popular mobile games in the world! Dive into the time-traveling fantasy story that has enthralled millions! Fans, return to where it all began - 2004 A.D., the Fuyuki Singularity. The story of FGO has never looked better. From 28, the artist of the Tales of Zestiria manga!',4),('Fate/Grand Order -mortalis:stella- 2 (Manga) - Fate/Grand Order (Manga) 2',14,2023,2,205,6,9781632369079,7000,12,11,1,'One of the most popular mobile games in the world makes its long-awaited return with Vol. 2! Continue the time-traveling fantasy story that has enthralled millions, in a new adaptation from 28, the artist behind Tales of Zestiria!\nA NEW GRAND ORDER\nThe year is 2016, and glitches found in humanity\'s past threaten the sustainability of its future. The Chaldea Security Organization-tasked with preserving human history for as long and as strongly as possible-has developed a new method of time travel to repair these events, stabilizing humanity\'s future. But when an unknown threat pushes mankind to the brink of extinction, young recruits Mash Kyrielight and Ritsuka Fujimaru find themselves at the helm of the rescue mission: Obtain the Holy Grail in a face off against fate itself...\nThe official adaptation of the 9 phenomenon that has become one of the most popular mobile games in the world!',4),('Fate/Grand Order -mortalis:stella- 3 (Manga) - Fate/Grand Order (Manga) 3',14,2023,2,208,6,9781646513604,6700,13,11,1,'The year is 2016, and glitches found in humanity\'s past threaten the sustainability of its future. The Chaldea Security Organization-tasked with preserving human history for as long and as strongly as possible-has developed a new method of time travel to repair these events, stabilizing humanity\'s future. But when an unknown threat pushes mankind to the brink of extinction, young recruits Mash Kyrielight and Ritsuka Fujimaru find themselves at the helm of the rescue mission: Obtain the Holy Grail in a face off against fate itself...',4),('Persona 4 Volume 8 Volume 8 - Persona 4',13,2025,2,165,5,9781772940763,4350,14,11,1,'Rise turns the Investigation Team into a music band! …no, really! It’s Yosuke on guitar! Yukiko on saxophone! Teddie on bongos! It’s a symphonic scheme to help save Junes from financial disaster! Based on the popular Persona 4 video game!',4),('Persona 3 Volume 9 Volume 9 - Persona 3',13,2025,2,170,7,9781772940800,4674,23,11,1,'In the wake of a miraculous happening, it becomes apparent that hope lives on. There is a reason to go on fighting. The destruction of the Dark Hour may erase all memories of their days fighting together... but they will not forget.',4),('Persona 3 Volume 11 Volume 11 - Persona 3',13,2025,2,154,7,9781772940824,4532,12,11,1,'The final chapter of Persona 3! Nyx\'s influence is breaking down the barrier between the Dark Hour and reality. Only the Specialized Extracurricular Execution Squad stand in the way of the end of everything.',4),('Persona 4 Volume 9 Volume 9 - Persona 4',13,2025,2,186,7,9781772940886,3565,21,11,1,'The school festivities continue as the gang participates in the Miss Yasogami Contest – a beauty pageant for the girls, and a drag queen competition for the boys! It’s a golden opportunity for fun in the latest volume of the Persona 4 manga!',4),('Persona 4 Volume 10 Volume 10 - Persona 4',13,2025,2,180,5,9781772940893,4500,12,11,1,'Detective Dojima has been hospitalized, while young Nanako has been kidnapped to the TV World. Soji leads the investigation team on an urgent mission to save his smallest family member. Based the Persona 4 video game!',4),('Persona 4 Volume 12 Volume 12 - Persona 4',13,2025,2,165,5,9781772941333,5000,13,11,1,'The true murderer has been revealed, and the Investigation Team must return to the Midnight Channel to finally bring the case to an end. Based the Persona 4 video game!',4),('Persona 4 Arena Volume 1 Volume 1 - Persona 4 Arena',13,2025,2,143,7,9781772942521,4353,12,11,1,'The casts of PERSONA 3 and PERSONA 4 collide!\n\nA dormant anti-shadow suppression weapon named Labrys has been stolen! Mitsuru Kirijo and Aigis begin investigating its whereabouts. Meanwhile Yu Narukami returns to Inaba to reunite with his friends, the Investigation Team. What he finds waiting for him there is a strange fighting tournament held inside the TV World!',4),('Persona 4 Arena Volume 2 Volume 2 - Persona 4 Arena',13,2025,2,165,7,9781772942538,4500,21,11,1,'The casts of PERSONA 3 and PERSONA 4 collide!\n\nSomeone has stolen the anti-shadow suppression weapon named Labrys, and the trail leads into the TV World. There, all the persona users on the chase are forced to participate in the strange \"P-1 Grand Prix\" tournament. It\'s Aigis VS Kanji, and Yosuke VS Chie! Who will walk away in the end?!',4),('Persona 4 Arena Volume 3 Volume 3 - Persona 4 Arena',13,2025,2,163,7,9781772942545,5000,67,11,1,'The casts of PERSONA 3 and PERSONA 4 collide!\n\nThe P-1 Grand Prix reaches its climax! Though it hurt them to fight against their friends, both physically and emotionally, the Investigation Team slowly gets closer to the truth. What shocking secrets are hidden in the stolen Labrys\' past?! And how will the P-1 Grand Prix end?!',4),('Persona 4 Arena Ultimax Volume 1 Volume 1 - Persona 4 Arena Ultimax',13,2025,2,156,7,9781772942552,4678,32,11,1,'The action continues for the united casts of PERSONA 3 and PERSONA 4!\n\nIt began two months after the end of 3\' smash hit RPG Persona 4, when the Investigation Team was promptly swept up in a strange fighting tournament run by the mysterious General Teddie. After a long series of vicious battles the Team defeated the mastermind. But the peace hasn\'t lasted long! General Teddie returns and proclaims the start of the P-1 Climax! Then there\'s the mysterious boy Sho Minazuki, and even Tohru Adachi joins the tournament. Where will the story go next?!',4),('Persona 4 Arena Ultimax Volume 2 Volume 2 - Persona 4 Arena Ultimax',13,2025,2,176,7,9781772942569,2343,2,11,1,'The action continues for the united casts of PERSONA 3 and PERSONA 4!\n\nThe mysterious General Teddie has returned, and he drags the Investigation Team into a new tournament; the P-1 Climax! With no way to back out, they have no choice but to keep winning or the world will be destroyed! With the fate of several of his friends unknown, Yu breaches the enemy base, learning the secrets of Sho Minazuki, and the truth behind the vicious death matches.',4),('Persona 4 Arena Ultimax Volume 3 Volume 3 - Persona 4 Arena Ultimax',13,2025,2,176,7,9781772942576,3787,12,11,1,'The action continues for the united casts of PERSONA 3 and PERSONA 4!\n\nThe Kingpin of Steel rages! The Queen of Executions advances! The Cabbage Cop smirks! While some of his teammates are still missing, Yu confronts Sho and meets the other \"Sho Minazuki\" living inside Sho\'s mind. Meanwhile, Tohru Adachi discovers the terrifying reason that he was invited to the P-1 Climax!',4),('Persona 4 Arena Ultimax Volume 4 Volume 4 - Persona 4 Arena Ultimax',13,2025,2,154,7,9781772942583,2345,12,11,1,'The action continues for the united casts of PERSONA 3 and PERSONA 4!\n\nYu Narukami, who faces off against the true mastermind behind the tournament… Tohru Adachi, whose life was in danger thanks to a hidden power he held... and Shu Minazuki, who desperately wanted to forge a bond with his foster father Shuji Ikutsuki. When these three meet at the final battlefield, the full truth behind the P-1 Climax will come to light!',4),('Six of Crows - Book 1 ',11,2016,2,494,8,9781780622286,6165,42,13,1,'Criminal prodigy Kaz Brekker is offered a chance at a deadly heist that could make him rich beyond his wildest dreams - but he can\'t pull it off alone.\r\n\r\nA convict with a thirst for revenge.\r\nA sharpshooter who can\'t walk away from a wager.\r\nA runaway with a privileged past.\r\nA spy known as the Wraith.\r\nA Heartrender using her magic to survive the slums.\r\nA thief with a gift for unlikely escapes.\r\n\r\nSix dangerous outcasts. One impossible heist.\r\n\r\nKaz\'s crew is the only thing that might stand between the world and destruction - if they don\'t kill each other first.',NULL),('Crooked Kingdom - Six of Crows Book 2 ',11,2017,2,536,8,9781780622316,6165,43,13,1,'Welcome to the world of the Grisha.\r\n\r\nKaz Brekker and his crew of deadly outcasts have just pulled off a heist so daring even they didn\'t think they\'d survive. But instead of divvying up a fat reward, they\'re right back to fighting for their lives.\r\n\r\nDouble-crossed and badly weakened, the crew is low on resources, allies, and hope. As powerful forces from around the world descend on Ketterdam to root out the secrets of the dangerous drug known as jurda parem, old rivals and new enemies emerge to challenge Kaz\'s cunning and test the team\'s fragile loyalties.\r\n\r\nA war will be waged on the city\'s dark and twisting streets - a battle for revenge and redemption that will decide the fate of the Grisha world.',NULL),('Persona 4 Volume 1 Volume 1 - Persona 4',13,2025,2,160,5,9781927925577,3999,15,11,1,'Following a string of mysterious murders, transfer student Soji Seta and his\nnew friends have followed the legend of the Midnight Channel and found\n\nthemselves pulled into another dimension! In this twisted TV world, a\n\nperson’s innermost secrets materialize as a Shadow — an entity that\n\nmay become a powerful ally, or something much worse...\n\nBased on the popular Persona 4 video game!\n',4),('Persona 4 Volume 2 Volume 2 - Persona 4',13,2025,2,194,5,9781927925669,4600,15,11,1,'Soji, Yosuke, and Chie are hot on the trail of the Inabi kidnapping victims... which now include Chie\'s best friend Yukiko! Now, with the help of their strange new ally Teddie, our heroes venture into the TV World again to get Yukiko back. Based on the popular Persona 4 video game!',4),('Persona 4 Volume 3 Volume 3 - Persona 4',13,2025,2,175,7,9781927925799,3567,43,11,1,'Teen brawler Kanji Tatsumi barrels onto the scene! Will this rough & tumble juvenile delinquent help or hinder the search for the truth about the Midnight Channel? Based on the popular Persona 4 video game!',4),('Persona 4 Volume 4 Volume 4 - Persona 4',13,2025,2,170,5,9781927925812,4000,3,11,1,'Superstar teen idol Rise Kujikawa escapes to Inaba for a much-needed break from the limelight, and the usually sleepy town is caught in the grip of celebrity fever! But when Rise suddenly appears on the Midnight Channel and goes missing soon thereafter, it’s up to Soji, Chie, and the rest of the crew to rescue her from the TV World and figure out what – if anything – Rise shares in common with the previous kidnapping victims. Based on the popular Persona 4 video game!',4),('Persona 4 Volume 5 Volume 5 - Persona 4',13,2025,2,167,5,9781927925829,4700,12,11,1,'With Rise rescued and now in possession of her own Persona, Soji and friends welcome a powerful new ally into the fold. But just as things are looking up, the body of Inaba’s latest murder victim is discovered – and the victim’s identity turns our heroes’ investigation upside-down. Meanwhile, Teddie does some much-needed soul searching… and what he finds is much more than anyone bear-gained for! Based on the popular Persona 4 video game!',4),('Persona 4 Volume 6 Volume 6 - Persona 4',13,2025,2,167,5,9781927925836,4500,7,11,1,'With the murderer Mitsuo Kubo apprehended and the case seemingly closed, life in Inaba returns to normal just in time for Soji and his friends to enjoy a well-earned summer vacation. But moving on is proving especially difficult for Naoki Konishi, for whom time has stood still ever since his sister Saki became the second murder victim. Can he and Yosuke find the peace they’re seeking, and is Soji and friends’ investigation truly over? Based on the popular Persona 4 video game!',4),('Persona 3 Volume 1 Volume 1 - Persona 3',13,2025,2,162,2,9781927925850,3999,343,11,1,'Between one day and the next, inserting itself into reality at midnight, sits the Dark Hour. Few know about this special time that separates humans from the dangerous creatures known as Shadows. It is here that a group of students finds the ability to summon their inner selves - their \"Personas\" - to do battle with the Shadows before they can consume the minds of humanity.',4),('Persona 3 Volume 2 Volume 2 - Persona 3',13,2025,2,145,7,9781927925867,4564,11,11,1,'Life isn’t easy when you’re a transfer student – just ask Minato Arisato, Gekkoukan High School’s newest transfer student. Strangers and unfamiliar scenery aside, Minato also has to contend with the fact that his school transforms into a Shadow-filled tower called Tartarus every night during the Dark Hour! Minato and two of his new friends – Yukari and Junpei – set out to investigate Tartarus to see what they can learn about this phenomenon, but can three high school students with little to no combat experience possibly survive the tower’s horrors?',4),('Persona 3 Volume 3 Volume 3 - Persona 3',13,2025,2,165,7,9781927925874,4543,43,11,1,'With the formation of the Specialized Extracurricular Execution Squad (S.E.E.S.), Minato, Mitsuru, Akihiko, and the rest have taken it upon themselves to combat the threat that Tartarus and the Shadows therein represent. When they learn that the soft-spoken Fuuka may have become trapped in Tartarus during the Dark Hour, they mount a desperate rescue attempt – but will they reach Fuuka in time to save her?',4),('Persona 3 Volume 4 Volume 4 - Persona 3',13,2025,2,154,7,9781927925881,5356,32,11,1,'This next thrilling volume of the Persona 3 manga series is all about revelations as the intrepid members of S.E.E.S. visit the Kirijou family cottage and learn some surprising truths from Mitsuru’s father about the events surrounding Tartarus, the Dark Hour, and their own continuing battle against the encroaching Shadows. The weight of these truths proves especially heavy for Yukari and Mitsuru, but if they can bear this burden, their shared struggle may give rise to new power…',4),('Persona 3 Volume 5 Volume 5 - Persona 3',13,2025,2,183,7,9781927925898,2342,12,11,1,'If you thought Shadows were the only enemies S.E.E.S. would ever have to fight, think again! It’s an all-out battle between Persona users as S.E.E.S. comes into direct conflict with Strega, an extremist group using the Dark Hour for their own personal gain. Even with Akihiko’s old friend Shinjiro and the surprisingly mature elementary school student Ken Amada as S.E.E.S.’ newest recruits, Minato and friends are in for their toughest battle yet!',4),('Persona 3 Volume 6 Volume 6 - Persona 3',13,2025,2,165,7,9781927925904,4654,5,11,1,'This next thrilling volume of the Persona 3 manga series is all about revelations as the intrepid members of S.E.E.S. visit the Kirijou family cottage and learn some surprising truths from Mitsuru’s father about the events surrounding Tartarus, the Dark Hour, and their own continuing battle against the encroaching Shadows. The weight of these truths proves especially heavy for Yukari and Mitsuru, but if they can bear this burden, their shared struggle may give rise to new power…',4),('Kaguya-sama: Love Is War, Vol. 1 - Kaguya-sama: Love is War',12,2024,2,216,2,9781974700301,5476,12,11,1,'Two high school geniuses scheme to get the other to confess their love first.\n\nTwo geniuses. Two brains. Two hearts. One battle. Who will confess their love first…?!\n\nAs leaders of their prestigious academy’s student council, Kaguya and Miyuki are the elite of the elite! But it’s lonely at the top… Luckily for them, they’ve fallen in love! There’s just one problem—they both have too much pride to admit it. And so begins the daily scheming to get the object of their affection to confess their romantic feelings first…',4),('Kaguya-sama: Love Is War, Vol. 2 - Kaguya-sama: Love is War',12,2024,2,210,2,9781974700318,4353,11,11,1,'Two high school geniuses scheme to get the other to confess their love first.\n\nTwo geniuses. Two brains. Two hearts. One battle. Who will confess their love first…?!\n\nWill a mysterious love letter to Kaguya make Miyuki jealous? Is drinking from a coffee cup with Kaguya’s lipstick on the rim an indirect kiss? How will Miyuki react when Kaguya says she’s “done it” before? Then, Miyuki’s phobia is revealed, the student council VP of Shuchiin Academy’s sister school in France displays epic Gallic rudeness, and the student council tries on some costumes… Nobody can resist cat ears.',4),('Kaguya-sama: Love Is War, Vol. 3 - Kaguya-sama: Love is War',12,2024,2,209,2,9781974700325,3556,1,11,1,'Two high school geniuses scheme to get the other to confess their love first.\n\nTwo geniuses. Two brains. Two hearts. One battle. Who will confess their love first…?!\n\nWill Kaguya and Miyuki share the shelter of an umbrella in a storm? Is carrying a knife dripping with blood proof that Kaguya is trying to kill a member of the student council? How will Kaguya react when Chika introduces her to potty humor? Then, Chika must intervene when Miyuki dispenses bad advice on a topic he knows nothing about, Miyuki tries to develop his kinesthetic intelligence, and Kaguya and her personal assistant play a practical joke on Miyuki that has dire consequences.\n\nCaffeine is required drinking.',4),('Kaguya-sama: Love Is War, Vol. 4 - Kaguya-sama: Love is War',12,2024,2,214,2,9781974700493,5787,32,11,1,'Two high school geniuses scheme to get the other to confess their love first.\n\nTwo geniuses. Two brains. Two hearts. One battle. Who will confess their love first…?!\n\nWill Kaguya and Miyuki outsmart a psychological test designed to reveal their true feelings? Is spoon-feeding each other cake the way to each other’s hearts? Then, Miyuki visits Kaguya’s home for the first time, but she is too sick to enjoy it. Kaguya tries to befriend Miyuki’s little sister, but Chika has beaten her to the punch. And summer vacation arrives, but the student council still hasn’t agreed on a destination.\n\nFireworks are supposed to be romantic.',4),('Kaguya-sama: Love Is War, Vol. 5 - Kaguya-sama: Love is War',12,2024,2,267,2,9781974700509,6700,41,11,1,'Two high school geniuses scheme to get the other to confess their love first.\n\nTwo geniuses. Two brains. Two hearts. One battle. Who will confess their love first…?!\n\nWill Kaguya and Miyuki find a way to see each other sooner rather than later over summer vacation? And is tweeting really an effective way to communicate with your crush? Then, Kaguya’s overprotective staff try to prevent her from going to the fireworks festival with the rest of the student council. Miyuki and Kaguya both try to find a way to enroll in the same elective class. And someone tries to celebrate someone else’s birthday with style!\n\nSome people believe the stars determine your compatibility.',4),('Kaguya-sama: Love Is War, Vol. 6 - Kaguya-sama: Love is War',12,2024,2,231,2,9781974701384,5000,4,11,1,'Two high school geniuses scheme to get the other to confess their love first.\n\nTwo geniuses. Two brains. Two hearts. One battle. Who will confess their love first…?!\n\nWill Kaguya figure out what Miyuki wants for his birthday plus present him with the perfect cake? Is treasurer Yu flunking out of school and beyond help…or can the one he fears most get him back on track? Then the romantic autumn moon-viewing festival leads to some stellar night moves. The student council plays a role-playing game in which at least one member doesn’t get to play out their fantasy. Ai assumes an alter ego to prove she can get Miyuki to fall in love with her in just one day. And Miyuki’s time as student council president is up!\n\nWe play many roles in life.',4),('Kaguya-sama: Love Is War, Vol. 7 - Kaguya-sama: Love is War',12,2024,2,215,2,9781974701391,5699,9,11,1,'Two high school geniuses scheme to get the other to confess their love first.\n\nTwo geniuses. Two brains. Two hearts. One battle. Who will confess their love first…?!\n\nWill Miyuki get reelected as student council president? Is newcomer Miko Ino going to be serious competition…or a school laughingstock? Then, Kaguya and Miyuki draw each other in art class (results may vary). Yu wants to do the right thing. Miyuki catches up on sleep, which has an unexpected effect on his attractiveness to women—especially Kaguya. And Kaguya anxiously awaits a certain invitation.\n\nDoes underwear make the man?',4),('Kaguya-sama: Love Is War, Vol. 8 - Kaguya-sama: Love is War',12,2024,2,275,2,9781974704408,5999,13,11,1,'Two high school geniuses scheme to get the other to confess their love first.\n\nTwo geniuses. Two brains. Two hearts. One battle. Who will confess their love first…?!\n\nWill Miyuki’s hormones keep him loyal to Kaguya or lead him astray? Meanwhile, Miko is interpreting everything she observes in the student council as risqué. Then, a shojo manga makes everyone romance crazy. Somebody actually, finally asks somebody out! And Kaguya and Miyuki accidentally get locked inside a room together…\n\nLovesick: figure of speech or actual ailment?',4),('Kaguya-sama: Love Is War, Vol. 9 - Kaguya-sama: Love is War',12,2024,2,250,2,9781974705092,6500,2,11,1,'Two high school geniuses scheme to get the other to confess their love first.\n\nTwo geniuses. Two brains. Two hearts. One battle. Who will confess their love first…?!\n\nWill Chika agree to train Miyuki one more time to make up for yet another of his surprising deficiencies? Then, Miyuki’s sister and father meddle in his (mostly hypothetical) love life. Rumors that plague Yu have serious personal and academic consequences. The much-anticipated, much-dreaded Sports Festival finally arrives! And Chika dreams up a new game for the student council to play together—with literally explosive results.\n\nWho cares what other people think?',4),('Kaguya-sama: Love Is War, Vol. 10 - Kaguya-sama: Love is War',12,2024,2,255,2,9781974706631,6700,67,11,1,'Two high school geniuses scheme to get the other to confess their love first.\n\nTwo geniuses. Two brains. Two hearts. One battle. Who will confess their love first…?!\n\nWill Ai prove to Kaguya that she can win Miyuki’s heart after all…while singing karaoke? Then the student council engages in some competitive cooking. Yu tries to spare Miko the embarrassment of the others discovering that she likes to listen to sexy voice actors whisper sweet nothings. And Kaguya declines to participate in a group date involving Miyuki—with a predictable impact on her mental stability.\n\nAt some point, you’ve got to upgrade your phone.',4),('Kaguya-sama: Love Is War, Vol. 11 - Kaguya-sama: Love is War',12,2024,2,217,2,9781974707799,5000,12,11,1,'Two high school geniuses scheme to get the other to confess their love first.\n\nTwo geniuses. Two brains. Two hearts. One battle. Who will confess their love first…?!\n\nCan Miyuki and Kaguya help Yu escape the aggro of all his female classmates, let alone win the favor of the girl he’s crushing on? Then, it’s Miyuki who is teaching Chika a new skill for a change. Kaguya faces the temptations and pitfalls of her new smartphone and social media. Ai takes on yet another secret identity. And the student council’s parents cross paths at school conferences where they must decide what colleges their children will apply to.\n\nWhen you make plans, the gods laugh.',4),('Kaguya-sama: Love Is War, Vol. 12 - Kaguya-sama: Love is War',12,2024,2,250,2,9781974709571,5600,1,11,1,'Two high school geniuses scheme to get the other to confess their love first.\n\nTwo geniuses. Two brains. Two hearts. One battle. Who will confess their love first…?!\n\nWill Miyuki ever admit to his insignificant but seemingly infinite lack of nonacademic talents? And what of the other student council members? Are any of them willing to see themselves objectively? Then it’s time for the school culture festival, which harkens back to a legend of ancient personal sacrifice that inspires the present-day students…symbolically, at least. Plus, a student council arm wrestling competition, balloon animals and a flashback episode to Miyuki’s first awkward weeks as an outsider at Shuchiin High.\n\nCosplay makes the woman.',4),('Kaguya-sama: Love Is War, Vol. 13 - Kaguya-sama: Love is War',12,2024,2,270,2,9781974710713,5699,1,11,1,'Two high school geniuses scheme to get the other to confess their love first.\n\nTwo geniuses. Two brains. Two hearts. One battle. Who will confess their love first…?!\n\nWill Yu make a confession of love? Who would date someone who is both an emo gamer and a former school pariah…? Meanwhile, someone is ready to confess her love to Miyuki—and it’s not Kaguya! Then Miko sabotages a romantic tour of a haunted house, Miyuki reveals some unexpected nonacademic skills, Kaguya accidentally dispenses good advice and a fortune-teller foretells an ominous date for our pride-crossed lovers—no, not that kind of date. Plus, heart-themed key rings, cookies, takoyaki and balloons!\n\nBut nobody turns down Stanford.',4),('Kaguya-sama: Love Is War, Vol. 14 - Kaguya-sama: Love is War',12,2024,2,255,2,9781974714728,5999,7,11,1,'Two high school geniuses scheme to get the other to confess their love first.\n\nTwo geniuses. Two brains. Two hearts. One battle. Who will confess their love first…?!\n\nWill it be Miyuki or Kaguya who finally breaks down and confesses their love for the other? Will the love confession be terribly bungled or epically orchestrated? And will the recipient respond appropriately, insanely, or in kind? While these questions will have answers, the romantic quandaries of the rest of the members of the student council will raise a whole new set of questions…\n\nThree months is a long time.',4),('Kaguya-sama: Love Is War, Vol. 15 - Kaguya-sama: Love is War',12,2024,2,216,2,9781974714735,5400,2,11,1,'Two high school geniuses scheme to get the other to confess their love first.\n\nTwo geniuses. Two brains. Two hearts. One battle. Who will confess their love first…?!\n\nTurns out confessing your feelings is the easy part of a romantic relationship… Now Kaguya and Miyuki have to figure out how to behave in a relationship. Kaguya retreats behind the ice shield she built to protect herself years ago. Miyuki believes only an ideal version of himself is worthy of love. Ai/Haski, as usual, is caught in the middle. Will our two not-star-crossed lovers ever learn to let go and just be themselves…?\n\nFirst, you have to love yourself.',4),('Kaguya-sama: Love Is War, Vol. 16 - Kaguya-sama: Love is War',12,2024,2,219,2,9781974717101,5999,12,11,1,'Two high school geniuses scheme to get the other to confess their love first.\n\nTwo geniuses. Two brains. Two hearts. One battle. Who will confess their love first…?!\n\nWill Kaguya and Miyuki ever go beyond making out and get around to officially going out?! What game is Miko playing when she interferes with Yu and Tsubame’s fledgling intimacy? Meanwhile, Kaguya tries to choose the perfect gift for Miyuki, Yu tries to choose the perfect gift for Tsubame, and Miyuki’s dad goes into the fortune-telling business!\n\nIndia is the land of spiritual enlightenment.',4),('Kaguya-sama: Love Is War, Vol. 17 - Kaguya-sama: Love is War',12,2024,2,216,2,9781974718740,4999,8,11,1,'Two high school geniuses scheme to get the other to confess their love first.\n\nTwo geniuses. Two brains. Two hearts. One battle. Who will confess their love first…?!\n\nWill Kaguya tell her family or even her friends that she’s dating Miyuki? Why is Chika pretending to be everyone’s girlfriend while dressed in a bald wig? Hapless Yu gets romantic advice from recently dumped Kazeno, which he passes on to naive Miyuki. Then, semi-repressed Nagisa attempts to school repressed Kaguya. And Kaguya shares (usually sensible) Ai’s theories about men with Maki, who attempts to verify them with flustered Miyuki and Yu. Basically, Shuchiin Academy suffers from a bad case of the blind leading the blind.\n\nYou can’t learn about sex from porn.',4),('Kaguya-sama: Love Is War, Vol. 18 - Kaguya-sama: Love is War',12,2024,2,265,2,9781974721009,6000,15,11,1,'Two high school geniuses scheme to get the other to confess their love first.\n\nTwo geniuses. Two brains. Two hearts. One battle. Who will confess their love first…?!\n\nWill Ai leave her post as Kaguya’s personal assistant and confidant?! Meanwhile, Kaguya and Yu go to great lengths to prevent their not-so-dark secrets from getting out. A sports tournament provides yet another opportunity for the gang to desperately attempt to impress each other with their athletic prowess—or coaching skills. And then it’s finally time for an educational school trip! Of course all the students view this as just an opportunity to hang out with or spy on the objects of their attraction…\n\nWet hair is better than a wet T-shirt.',4),('Kaguya-sama: Love Is War, Vol. 19 - Kaguya-sama: Love is War',12,2024,2,260,2,9781974722860,5989,12,11,1,'Two high school geniuses scheme to get the other to confess their love first.\n\nTwo geniuses. Two brains. Two hearts. One battle. Who will confess their love first…?!\n\nWill this romantic comedy turn into a thriller? Two warring factions in Kaguya’s family are trying to force her personal assistant, Ai, to abandon Kaguya and serve them. While Miyuki tries to save Ai from getting kidnapped, she sends an urgent message to Kaguya to meet her at the place where their relationship began—but Kaguya can’t figure out where that is! Meanwhile, as Yu and Tsubame grow closer, Miko grows more jealous, and student council factions clash over whom Yu should date!\n\nYou’re never too old to become a YouTube sensation.',4),('Kaguya-sama: Love Is War, Vol. 20 - Kaguya-sama: Love is War',12,2024,2,210,2,9781974724031,5656,12,11,1,'Two high school geniuses scheme to get the other to confess their love first.\n\nTwo geniuses. Two brains. Two hearts. One battle. Who will confess their love first…?!\n\nWill Yu manage to raise his academic ranking this exam period? Unfortunately, his gaming addiction may have an impact not only on his grades but also on how Tsubame views him. Hopefully the diabolical plan concocted by Kaguya, his ruthless academic coach, will keep him from failing. On the other hand, someone else gets unexpectedly low marks this exam period! Then, on Valentine’s Day, which of the gang will give or receive romantic chocolates, friendship chocolates or obligatory chocolates…?\n\nFight rumors with rumors.',4),('Kaguya-sama: Love Is War, Vol. 21 - Kaguya-sama: Love is War',12,2024,2,215,2,9781974725182,6500,12,11,1,'Two high school geniuses scheme to get the other to confess their love first.\n\nTwo geniuses. Two brains. Two hearts. One battle. Who will confess their love first…?!\n\nWill Yu be able to handle Tsubame’s answer to his love confession? Then, dropping by Miyuki’s home unannounced surprises Kaguya more than the Shiroganes. As Kaguya’s family interferes with her future plans, she becomes determined to break free of them, but first she must strike a deal with the devil!\n\nSeating arrangements matter.',4),('Kaguya-sama: Love Is War, Vol. 22 - Kaguya-sama: Love is War',12,2024,2,200,2,9781974728473,5678,2,11,1,'Two high school geniuses scheme to get the other to confess their love first.\n\nTwo geniuses. Two brains. Two hearts. One battle. Who will confess their love first…?!\n\nWill Miko’s budding closeness with Miyuki make other interested parties jealous? Then, entertaining a cat in the student council chambers leads to awkward complications. As the war between the Shinomiyas and the Shijos heats up, Kaguya’s new assistant and Mikado both fall under suspicion. And then Kaguya and Miyuki spend the night together…alone!\n\nHow do you know when you’re ready?',4),('Kaguya-sama: Love Is War, Vol. 23 - Kaguya-sama: Love is War',12,2024,2,250,2,9781974732180,5555,4,11,1,'Two high school geniuses scheme to get the other to confess their love first.\n\nTwo geniuses. Two brains. Two hearts. One battle. Who will confess their love first…?!\n\nWill Miyuki replace Chika in Kaguya’s heart? When dense Chika belatedly finds out they’re dating, she certainly thinks so. Then, Kaguya discovers an unexpected source of support in her battle against her family, Miko tries various approaches to get Yu to fall in love with her, and Kobachi turns out to be more complicated than she appears.\n\nSometimes, it’s good to play games with people.',4),('Kaguya-sama: Love Is War, Vol. 24 - Kaguya-sama: Love is War',12,2024,2,260,2,9781974734481,3999,14,11,1,'Two high school geniuses scheme to get the other to confess their love first.\n\nTwo geniuses. Two brains. Two hearts. One battle. Who will confess their love first…?!\n\nWill Miko and Kobachi ever make up and be friends again? It seems unlikely, especially when they learn they might be competing for the affections of the same boy! Then, Miyuki gets roped into running a school event, Yu needs a date to attend it, the volatile situation with the Shinomiya conglomerate heats up, and Kaguya…disappears!\n\nSometimes you can’t see what’s right in front of your face.',4),('Kaguya-sama: Love Is War, Vol. 25 - Kaguya-sama: Love is War',12,2024,2,265,2,9781974736324,6000,12,11,1,'Two high school geniuses scheme to get the other to confess their love first.\n\nTwo geniuses. Two brains. Two hearts. One battle. Who will confess their love first…?!\n\nWill Kaguya’s family force her to marry a man she doesn’t love in order to fulfill their political and financial ambitions? As the reign of Kaguya’s father approaches its end, the war of succession between her brothers heats up. Meanwhile, Ai gets a new assignment as a bodyguard, Yu and Miko get cozy on a couch, and…Miyuki accepts a hefty bribe?!\n\nFamily matters.',4),('Kaguya-sama: Love Is War, Vol. 26 - Kaguya-sama: Love is War',12,2024,2,255,2,9781974738755,5400,56,11,1,'Two high school geniuses scheme to get the other to confess their love first.\n\nTwo geniuses. Two brains. Two hearts. One battle. Who will confess their love first…?!\n\nWill Kaguya’s friends be able to rescue her from the clutches of her ruthless family? Miyuki does his best to negotiate with Kaguya’s father for his daughter’s freedom to live and love as she chooses. But Miyuki isn’t the only one vying for Kaguya’s hand… Then, the rest of Kaguya’s friends—Chika, Ai, Yu, Miko, and Maki—use everything at their disposal to find and save her, from blackmail to electronic trackers to…skateboards?\n\nWhere there’s a will, there’s a way.',4),('Kaguya-sama: Love Is War, Vol. 27 - Kaguya-sama: Love is War',12,2024,2,220,2,9781974741052,5999,5,11,1,'Two high school geniuses scheme to get the other to confess their love first.\n\nTwo geniuses. Two brains. Two hearts. One battle. Who will confess their love first…?!\n\nWill Kaguya get to the airport in time to say goodbye to Miyuki? First, she and an ally must make one last attempt to repair the rift between the Shinomiya and Shijo families. Then, Miyuki plots what to do with the leftover money from the bribe he received, Miko tries to bridge the distance between her and Yu when he goes abroad for summer break, and Chika leads everyone in one of her signature trauma-inducing games!\n\nWho knows when he’ll be back again.',4),('Kaguya-sama: Love Is War, Vol. 28 - Kaguya-sama: Love is War',12,2024,2,243,2,9781974743421,6000,15,11,1,'Two high school geniuses scheme to get the other to confess their love first.\n\nTwo geniuses. Two brains. Two hearts. One battle. Who will confess their love first…?!\n\nWill all our beloved characters get a happy ending? Maki is still trying to get over Tsubasa, Miko is running for student council president, and Chika wants a romantic partner of her own. Then, which couple will wage war to obtain a confession of love, and which will battle for a proposal of marriage…?\n\nIs love really war?',4),('Elit alakulat',15,2025,1,459,6,9786151100363,5690,12,12,1,'A 101. légideszant-hadosztály 506. ejtőernyős ezredének Easy százada a világ legjobb gyalogszázadai közé tartozott.\r\n\r\nAmbrose ennek a roppant figyelemre méltó alegységnek a második világháborús történetét mondja el, az 1942-ben Georgia államban végzett embert próbáló alapkiképzéstől a D-napon át a végső győzelemig.\r\n\r\nAz Easy század mindent végigcsinált. Ejtőernyővel szállt le a D-nap hajnalán, és Hitler berchtesgadeni Sasfészkének elfoglalásával fejezte be a háborút. E könyv annak a gyalogszázadnak állít emléket, amely 150 százalékos veszteséget szenvedett a háború végéig, ahol valóban \"egy falka testvér\" módjára koplaltak, fáztak, éltek és haltak együtt a katonák.',NULL),('Futótűz',8,2024,1,308,6,9786155049729,4731,24,19,1,'Katniss Everdeen túlélte Az éhezők viadalát. A Kapitólium bosszúra éhes. Hiába szólt minden ellenük, Katniss Everdeen és Peeta Mellark életben maradtak. Nem nyugodhatnak azonban meg: lázadásról suttognak a Kapitóliumban, ami az ő hatásukra vette kezdetét. A nemzet szeme Katnissra és Peetára szegeződik, a tétek még nagyobbak, mint korábban. Ha hibáznak, a következmények beláthatatlanok.\r\n',NULL),('A Szent Johanna gimi 1. - Kezdet',9,2025,1,440,5,9786155653087,4369,42,16,1,'\"- Na, Cortez is megtalálta a sulit. Éppen ideje volt, nem fogom életem végéig tartogatni a jegyzeteket - sóhajtotta tettetett unalommal az arcán, és becsapta a szekrényajtaját.\r\nElfordítottam a fejem, hogy odanézzek, és akkor...És akkor történt, hogy először megláttam Antai-Kelemen Ádámot, Cortezt. Abban a pillanatban, ahogy megláttam, görcsbe rándult a gyomrom, és úgy éreztem, muszáj lehajtanom a fejem, és úgy tenni, mintha csinálnék valamit, máskülönben elárulom magam. Deszkás cipőt, farmert, és bőfazonú fehér pólót viselt, fél vállán hanyagul lógott a hátizsákja, másik kezében a gördeszkáját tartotta. Összevissza meredező haja csak látszólag állt szerteszét, egyébként gondosan megcsinálta, és pont úgy nézett ki, ahogy kell, és ahogy jól áll neki. A folyosó végén Ricsivel beszélgetett, aztán szép lassan minden osztálytársunk köré gyűlt, és hallgatták.\r\nZavartan turkáltam a szekrényemben, csak néha néztem fel egy-egy pillanatra. - Nézd, megjött Cortez! - jelentette be Virág.\r\nMintha magamtól nem vettem volna észre.\"\r\n\r\nNév: Rentai Renáta (Reni)\r\nKor: 14\r\nBeszélt nyelv: magyar, francia\r\nMagamról: (Nem publikus adat, hozzáférés korlátozva) Az, hogy elköltöztünk, és sulit váltottam, a lehető legjobb dolog, ami történt velem, mert végre lettek barátaim (kettő is!), nem cikiznek, és találkoztam vele, aki igazán nagyon menő!\r\nÉrdeklődési kör: könyvek, olvasás, filmek, internet, azon belül is: Honfoglaló, KvízPart\r\nKlubtagság: Mit olvasol most?; Kedvenc könyvek; Sims; Mindhalálig Beatles!; Milyen idő lesz holnap?; TeveClub',NULL),('A Szent Johanna gimi 2. - Együtt',9,2025,1,462,5,9786155653117,4369,43,16,1,'\" Felfelé baktattunk a dombon, amikor Virág kérdőn körbefordult, és a tekintete megállapodott rajtam.\r\n- Green Day szól a zsebedben - mondta.\r\n- Zavartan előkerestem a mobilom, és közben azon tanakodtam, hogy ki állíthatta be a telóm a Basket Case-re, és egyáltalán ki csörög arra, mert csak egy embert ismerek, aki szereti...\r\n- A kijelzőn Cortez neve villogott, alatta egy menő deszkás képpel.\r\n- Cortez - suttogtam, és megtorpantam az úton.\r\n- Vedd fel! És lélegezz. De előbb vedd fel. Vagy ne! Előbb lélegezz - ugrált körülöttem Virág.##\r\n- Mit mondjak? - kapkodtam a levegőt.\r\n- Elsősorban ne mondj semmit, várd meg, hogy mit akar. De ha beszélni akarsz vele, javaslom, hogy vedd fel - tanácsolta Arnold.\"\r\n\r\nNév: Rentai Renáta (Reni)\r\nKor: 15\r\nBeszélt nyelv: magyar, francia\r\nMagamról: (Nem publikus adat, hozzáférés korlátozva) Lassan nemcsak Virág és Arnold, hanem mindenki a barátjának tekint. Egyéb sikerélmények: suliújság, irodalomverseny, Cortez kettese magyarból. Ami gáz: rajzból tök béna vagyok + Edina!!!\r\nÉrdeklődési kör: könyvek, olvasás, filmek, internet, azon belül is: Honfoglaló, KvízPart\r\nKlubtagság: Kedvenc könyvek; Mindhalálig Beatles!; Felhőtérkép; Akiken kifogott a gördeszka; Akkor sem tudok rajzolni!',NULL),('A Szent Johanna gimi 3. - Egyedül',9,2025,1,488,5,9786155653148,4369,44,16,1,'\"Cortez kikerült minket, lesétált a lépcsőn, miközben a lány már megindult felé. Tudtam, hogy rá vár, tudtam, hogy ő csak Viki lehet, de a következő jelenetet még én sem tudtam előre. A lány vigyorogva átölelte Cortezt, majd hosszú csókkal köszöntötte. Nem, ez nem olyan volt, mint kilencedikben, a díjugrató napján. Most jól láttam. Mindannyian jól láttuk. Lemerevedtem, nem akartam odanézni, de nem tudtam levenni a szemem róluk. A látvány sokkolt, minden energiámmal azon voltam, hogy akkor fulladjak meg, miután elmentek.\r\n- Sziasztok - köszönt hátra Cortez nekünk, aztán megfogta Viki kezét (összekulcsolt ujjakkal), és elindultak.\"\r\n\r\nNév: Rentai Renáta (Reni)\r\nKor: 15\r\nBeszélt nyelv: magyar, francia\r\nMagamról: (Nem publikus adat, hozzáférés korlátozva) Valami nem stimmel... Mintha visszafordult volna az idő, megint nincs senkim, akire számíthatok. Egyedül vagyok.\r\nÉrdeklődési kör: könyvek, olvasás, gitár, suliújság\r\nKlubtagság: Jalapeno; Kedvenc könyvek; Mindhalálig Beatles!; Oasis; Kezdő gitárosok; Akkor sem tudok rajzolni!',NULL),('A Szent Johanna Gimi 4. - Barátok ',9,2020,1,463,5,9786155653179,4369,45,16,1,'\"- Reni? - kérdezte.\r\n- Igen? - kérdeztem vissza döbbenten.\r\n- Jössz velem?\r\n- Nem! - szólt vissza Arnold helyettem, mire mindenki kérdőn felé fordult.\r\n- Neményi, majd szólok, ha hozzád beszélek - mondta Cortez, és újra rám nézett.\r\n- Kezdődik az olvasókör... - hebegtem, de ez nem tűnt túl népszerű válasznak, egy csomóan \"húúú\"-zni kezdtek.\r\n- Oké - tette fel a kezét Cortez, és röhögve odafordult egy csoport végzőshöz.\r\n- Jó - mondtam hirtelen, mire Arnold megpördült a tengelye körül, és visszanézett rám.\r\n- Reni, ne menj el! Kardos vár. Fogalmad sincs, hogy tud-e egyáltalán vezetni. Veszélyes!\r\n- Csak egy sulikör! - indultam le a lépcsőn, és közben kivettem Ricsi kezéből Virág sisakját, amit direkt nekem nyújtott oda.\r\n- Reni! - kiáltott rám Arnold újra.\r\n- Mindjárt jövök - közöltem egyszerűen, feltettem a sisakot, aztán felültem Cortez mögé. Átöleltem a derekát, amitől a régi ismerőseim (pillangó barátaim) mind feléledtek a gyomromban, és elindultunk.\"\r\n\r\nNév: Rentai Renáta (Reni)\r\nKor: 16\r\nBeszélt nyelv: magyar, francia\r\nMagamról: (Nem publikus adat, hozzáférés korlátozva) Visszakaptam Virágot, elveszítem Arnoldot... Úgy érzem, az előző félévhez képest mindenki egy kicsit közelebb került hozzám. Talán ő is...\r\nÉrdeklődési kör: könyvek, olvasás, színház, fotózás\r\nKlubtagság: Akik utálják Doriánt!!!; Jalapeno; Kedvenc könyvek; Mindhalálig Beatles!; Fotósok',NULL),('A Szent Johanna gimi 5. - Remény',9,2025,1,511,5,9786155653209,4369,46,16,1,'\"A ragyogó napsütésbe kilépve ösztönösen hunyorogtam, majd megtorpantam. Ültek a padomon. Kissé megremegett a térdem, de azért erőt vettem magamon, és továbbmentem.\r\n- Te mit csinálsz itt? - kérdeztem Cortezt, aki a pad támláján ült, és ölébe ejtett kezében tartotta a zenelejátszóját.\r\n- Ülök - felelte olyan stílusban, mintha ez azért elég egyértelmű lenne. Jó, tényleg az volt, a vak is láthatta, csak éppen...\r\n- Miért itt? - kérdeztem cseppet sem kedvesen.\r\n- Tudtommal már nem foglalt ez a hely - nézett mélyen a szemembe, nekem pedig felkeltek a pillangók a gyomromban, és úgy döntöttek, hogy egységes erővel próbálnak kiszabadulni. Kérdőn körbenéztem, remélve, hogy valaki segít, de azonkívül, hogy az udvaron állók kétkedő és sanda pillantásokat vetettek felém, senkire nem számíthattam. Márpedig én le fogok ülni! Ez az én helyem! Pár \"egyik lábamról a másikra állok\" mozdulat után fogtam magam, és felültem Cortez mellé. Ennél furcsább még soha, semmi nem volt.\r\n- Akkor én olvasok - közöltem, de ahogy kimondtam, már meg is bántam. Miért jelentettem be? Mi ütött belém?\r\n- Jó - mondta elég furán. És ezen nem csodálkozom .\"\r\n\r\nNév: Rentai Renáta (Reni)\r\nKor: 16\r\nBeszélt nyelv: magyar, francia\r\nMagamról: (Nem publikus adat, hozzáférés korlátozva) Nem hiszem el, hogy Kinga belerángatott... Hogy fogunk kimászni ebből? És mit mondok neki?\r\nÉrdeklődési kör: könyvek, olvasás, fotózás, C.\r\nKlubtagság: Mindig legyen könyv a táskádban; Beatles; Akik már legalább egyszer hibáztak nagyot; 2+2=5',NULL),('A Szent Johanna gimi 6. - Ketten',9,2025,1,543,5,9786155653230,4369,47,16,1,',,- Mi a diagnózis? - kérdezte Ricsi röhögve, mire a pszichológus ismét elmosolyodott, és a szemével körbepásztázta a társaságot. - Melyikőtök Reni? - Én - emeltem fel a kezem zavartan. A pszichológus szeme körül apró ráncok jelentek meg, és bólintott. - Ő a válasz a kérdésedre - mondta Ricsinek. - Gyógyítható? - kérdezte Dave nevetve. - Szerintem nem - nevetett fel a doki is. Vadul zakatoló szívvel néztem Cortezre, aki a napszemüveg mögül fürkészett. Fél évig járt miattam hétfő délutánonként a pszichológusához. Én ezt romantikusnak találom. Miért, nem az? - Tessék ide ülni - kérlelte Zsolti a dokit, aki végül csatlakozott hozzánk, és lazán elhelyezkedett a fűben, felhúzott térdeire kulcsolta a kezét, és türelmesen hallgatta Zsoltit. - Szóval a visszatérő rémálmom. Bejövők a suliba, és Máday habzó szájjal üvölt, vérben forognak a szemei, és...\"',NULL),('A Szent Johanna gimi 7. - Útvesztő',9,2023,1,592,5,9786155653261,4369,48,16,1,'\"- Bolond vagy - nevetett fel Cortez, mire én is elmosolyodtam. - Na, komolyan. A továbbtanulás?\r\n- Az is. De a jelen helyzetben nagyon úgy tűnik, hogy vadászpilóta leszek.\r\n- El fogom venni tőled azt a könyvet - közölte Cortez.\r\n- De most komolyan. Te látod a jövőt? - váltottam stílust.\r\n- Én nem, de jóban vagyok az orákulummal.\r\nMajd bemutatlak neki - mondta, mire megint felnevettem.\r\nCortez vicces.\r\n- Komolyan kérdezem. Megijesztett, ami Kingáékkal történt.\r\n- Helyben vagyunk - mondta Cortez.\r\n- Nem, mármint... tudod... ők nem illettek össze, és szakítottak. Virág és Ricsi nem illenek össze, de tök jól meg vannak. És mi? - kérdeztem félve.\r\n- Mi van velünk?\r\n- Mi lesz velünk? - javítottam ki a kérdését, és ösztönösen a nyakamban lógó lánc felé nyúltam, elkaptam a gyűrűt, és forgattam az ujjaim között.\"\r\n\r\nNév: Rentai Renáta (Reni)\r\nKor: 17\r\nBeszélt nyelv: magyar, francia\r\nMagamról: (Nem publikus adat, hozzáférés korlátozva) Nem akarom, hogy helyettem döntsenek!!!... De akkor most kihez forduljak?\r\nÉrdeklődési kör: könyvek, olvasás, francia nyelv, fotózás, továbbtanulás\r\nKlubtagság: Hová menjek továbbtanulni?; felvi.hu; Melyik szak illik hozzád?; Beatles; Akiknek elegükvan; Végzősök',NULL),('A Szent Johanna gimi 8. 1-2. - Örökké',9,2025,1,776,5,9786155653322,4369,49,16,1,'\"- Van valami, amiért még mindig haragszol az elmúlt évekből? - néztem a szemébe, amikor megálltunk a kapunkban.\r\n- Nem. Nincs - szólt őszintén, némi töprengés után. - Neked?\r\n- Azt hiszem, nincs - ismertem be, és komolyan is gondoltam. - Viszont - tettem hozzá, amolyan \"azért ne nyugodj meg\" pillantással - nehogy azt hidd, hogy Benoit nem jelentett nekem sokat.\r\n- Gondolom. De a te kitalált barátodat Jérome-nak hívták - emlékeztetett mosolyogva.\r\n- Részletkérdés - nevettem el magam, aztán a vállába fúrva az arcom, szorosan átöleltem. - Örülök, hogy az elmúlt négy évem minden egyes napja rólad szólt - suttogtam alig hallhatóan.\r\nCortez kissé eltolt magától, hogy a szemembe tudjon nézni, majd hosszasan megcsókolt, engem pedig elöntött a forróság a hajnali hűvösben. Azt hiszem, ezt végleg megbeszéltük.\"\r\n\r\nNév: Rentai Renáta (Reni)\r\nKor: 18\r\nBeszélt nyelv: magyar, francia\r\nMagamról: (Nem publikus adat, hozzáférés korlátozva) Mindig azt hittem, hogy az első napok voltak a legnehezebbek. Tévedtem. Az utolsók azok.\r\nÉrdeklődési kör: Szent Johanna Francia Tagozatos Alapítványi Gimnázium\r\nKlubtagság: SzJG; Beatles; Végzősök',NULL),('Magyar superfood - 65 szuperétel, 106 szuperélelmiszer',10,2020,1,229,11,9786156488336,6165,10,20,1,'TUDATOSSÁG - FENNTARTHATÓSÁG - KÖRNYEZETBARÁT TÁPLÁLKOZÁS\r\n\r\nA superfood kifejezés sokak számára egyet jelent az egészséggel, hiszen olyan alapanyagot mutat, amely valamely értékes tulajdonságában kiemelkedik társai közül. A legnépszerűbbek sorát a goji bogyó, az avokádó, a tengeri moszat és a lazac vezeti, ám a vargányáról, a rizsről vagy akár a sárgarépáról, padlizsánról már csak kevesen tudják, hogy szintén igazi szuperélelmiszerek, ráadásul itthon is megteremnek.\r\n\r\nE könyv szerzője nem kevesebbre vállalkozott, minthogy összegyűjtse mindazokat\r\na hazánkban fellelhető zöldségeket, gyümölcsöket, gabonaféléket és olajos magvakat, melyek szupererővel rendelkeznek, így méltán viselhetik a magyar superfood elnevezést. Dietetikusként hitelesen mutatja be értékes tápanyagtartalmukat, egészségünkre gyakorolt pozitív élettani hatásukat és változatos konyhai felhasználásukat. Mindezek mellett ahhoz is kellő bizonyítékkal szolgál, miért érdemes elsősorban a hazai szuperalapanyagokat beépíteni étkezésünkbe, és hogy ezzel a választással milyen sokat tehetünk a fenntartható, környezettudatos táplálkozás és életmód érdekében.\r\n\r\nA látványos, kedvcsináló fotókkal illusztrált kiadványban több mint száz hazai szuperélelmiszer, és a belőlük készült izgalmas, ínycsiklandó és egészséges finomság receptje kapott helyet. S, hogy az alapanyagok beszerzése se okozzon gondot,a hazai termőhelyekről, illetve az aktuálisan elérhető termények listájáról is tájékozódhatnak az olvasók. Tegyük változatossá, értékessé étkezésünket!',5),('Az árnyak háza',3,2014,1,224,4,9789633571750,2849,12,16,1,'Hogy kicsoda Joe Carrot? Joe Carrot egy nyúl. De nem akármilyen nyúl: Joe Carrot magánnyomozó! Ügynöksége, a Carrot & Carrot a leghíresebb magánnyomozó iroda egész Tapsivárosban. A történetei pedig egyszerre izgalmasak és szórakoztatóak, és tele vannak rejtélyekkel és vidámsággal.',1),('Mielőtt éjfélt üt az óra',3,2015,1,128,4,9789633576144,2849,12,16,1,'Hogy kicsoda Joe Carrot?\r\nJoe Carrot egy nyúl. De nem akármilyen nyúl, Joe Carrot magánnyomozó! Ügynöksége, a Carrot & Carrot a leghíresebb magánnyomozó iroda egész Tapsivárosban (naná, hiszen az egyetlen!).\r\nJoe Carrot azonban nemcsak nyomozó, de gondos családapa is. A történetei éppen ezért egyszerre izgalmasak és szórakoztatóak, és tele vannak rejtélyekkel és vidámsággal.\r\n\r\nMielőtt éjfélt üt az óra\r\nTi hisztek a boszorkányokban? Nem?! Joe Carrot sem hitt bennük. Ezért, amikor egy este Retek Rúfusz megjelent a Carrot & Carrot magánnyomozó irodában a Horgas orrú boszorkány rejtélyével, Joe rögtön gyanút fogott. Itt bizony valami bűzlik, mint az odakozmált répafőzelék!',NULL),('Percy Jackson és az olimposziak 1. - A villámtolvaj ',1,2015,1,373,6,9789633731154,2849,12,16,1,'egesküdtem a Styx folyóra, hogy ami ebben a könyvben le van írva, az elejétől a végéig kitaláció. Nincs semmiféle Perseus „Percy\" Jackson nevű tizenkét éves fiú. A görög istenek csak régi mítoszok. Egészen biztosan nincsenek gyermekeik halandóktól a huszonegyedik században, és Félvér tábor nevű hely sem létezik, ahol félistenek, fiatal hősök táboroznának, akiket én tanítok és edzek arra, hogyan éljék túl szörnyűséges ellenségeik támadását. Percy sosem találkozott szatírral és Athéné lányával sem. Egyáltalán nem indultak együtt az Alvilág kapujához, hogy megakadályozzák az istenek közötti katasztrofális háború kitörését. Mindezek után figyelmeztetnem kell téged, alaposan gondold meg, elkezded-e olvasni ezt a könyvet. Ha bármi felkavarót érzel olvasás közben - ha gyanítod, hogy ez a történet a te életedhez hasonít - AZONNAL HAGYD ABBA AZ OLVASÁST! A következményekért semmiféle felelősséget nem vállalok.',NULL),('Percy Jackson és az olimposziak 2. - A szörnyek tengere',1,2016,1,256,6,9789633998489,3324,12,16,1,'Percy Jackson hetedik éve az iskolában meglehetősen unalmasan indul. Egyetlen szörny sem akarja betenni a lábát New York-i sulijába. Ám amikor az ártatlan labdázgatás élet-halál harccá válik egy csapat emberevő óriás ellen, a dolgok, hogy is mondjam. kezdenek eldurvulni. Váratlanul érkező barátja, Annabeth is csak rossz hírekkel szolgálhat: a Félvérek táborát védő határokat egy titokzatos ellenség lerombolta, és amíg ezeket újra helyre nem állítják, a félisteneknek nincs hová rejtőzniük. A villámtolvaj lendületes, humoros és rendkívül népszerű folytatásában Percynek és a barátainak át kell szelniük a Szörnyek Tengerét, hogy megmentsék a táborukat. De Percynek mindezek előtt még szembesülnie kell egy a származását érintő titokkal: rá vár a feladat, hogy eldöntse, áldás-e, avagy átok Poszeidón fiának lenni.',NULL),('Percy Jackson és az olimposziak 3. - A Titán átka',1,2016,1,285,6,9789633998502,3324,12,16,1,'Amikor Percy Jackson megkapja Groover segélyhívását, készülődni kezd a harcra. Jól tudja, hogy szüksége lesz erős szövetségeseire, Annabeth-re ás Tháliára, a félistenekre; valamint hűséges bronzkardjára, Árapályra is... és egy fuvarra a mamájától. A félistenek Grover megmentésére sietnek, aki mint később kiderül fontos felfedezést tett: két félistenre bukkant, kiknek származása egyelőre még ismeretlen, de igen nagy erővel rendelkeznek... De ez még nem minden. A Titán úr, Kronosz felállítja számukra eddigi legfondorlatosabb csapdáját, és az ifjú hősök majdnem belesétálnak. A sorozat mulattató, és izgalmas harmadik kalandjában Percynek a legveszélyesebb kihívással kell szembenéznie: a Titán Átkának hátborzongató próféciájával...',NULL),('Percy Jackson és az olimposziak 4. - Csata a labirintusban',1,2016,1,344,6,9789633998526,3790,13,16,1,'Percy Jackson semmi jót nem várt az iskolai nyílt naptól,\r\nde amikor titokzatos halandó ismerőse után két pompomlány démonnal is találkozik,\r\na dolgok még a vártnál is rosszabbra fordulnak.\r\nA sikersorozat negyedik kötetében a küszöbön áll az olimposziak és a Titán isten közötti háború már. Még az eddig biztonságos menedéknek számító Félvér Tábor is sebezhetőnek bizonyul, amikor Kronosz és hadserege megpróbál varázshatárán belülre kerülni. Hogy a támadásnak elejét vegyék, Percy és félisten barátai egy küldetésre indulnak a Labirintusba - a hatalmas, földalatti világba, ami minden fordulóban újabb vérfagyasztó meglepetést tartogat számukra.',NULL),('Solitaire - Pasziánsz',1,2023,1,336,6,9789633999783,3609,7,19,1,'Nem emlékszem olyanra, amikor nem voltam komoly.\r\nLegjobb tudomásom szerint cinizmust harsogva és esőt\r\nkívánva jöttem ki az anyaméhből.\r\n\r\nA nevem Tori Spring. Szeretek aludni és szeretek blogolni. Tavaly még voltak\r\nbarátaim. A dolgok nagyon mások voltak, azt hiszem, de mindennek már vége.\r\n\r\nMost itt van a Pasziánsz. És Michael Holden.\r\n\r\nNem tudom, mit akar a Pasziánsz. És nem érdekel Michael Holden. Tényleg nem.\r\n\r\nSzereted Charlie nővérét a HEARTSTOPPER-kötetekben?\r\nAkkor van egy jó hírünk: ez a regény róla szól.\r\nGyere, és ismerd meg, mi rejlik a hirtelen felbukkanó,\r\nmindig cukormentes limonádét iszogató lány fejében!',NULL),('A kiválasztott - Az éhezők viadala 3.',8,2019,1,352,11,9789634196693,4731,25,19,1,'Bár minden ellene szólt, Katniss Everdeennek kétszer is sikerült élve kikerülnie az Éhezők Viadalából. Túlélt minden megpróbáltatást, de még mindig nincs biztonságban. Mert a Kapitólium bűnbakot keres a lázadás miatt. Snow elnök pedig egyértelművé tette: Kapitólium haragja elől senki sem menekülhet. Sem Katniss családja, sem a barátai, sem pedig a 12. Körzet lakói. De közeledik a végső forradalom ideje. Amikor a nép végre szembeszáll a Kapitólium zsarnokságával. És ebben a forradalomban Katnissnak döntő szerepe lesz. Az ő bátorságától, kitartásától és eltökéltségétől függ Panem jövője. Mert ő a kiválasztott. De maradt-e elég ereje hozzá, hogy megvívja az utolsó, mindent eldöntő harcot? Suzanne Collins Az éhezők viadala című trilógiája az utóbbi évek legnagyobb szenzációja az ifjúsági regények műfajában. Az immáron világszerte több mint tízmillió példányban értékesített sorozatról azt mondják, hogy méltó folytatása a Harry Potter- és Twilight-könyveknek, tovább népszerűsítve, illetve megszerettetve az olvasást a fiatalokkal. Az éhezők viadalának nemrég elkészült a filmváltozata, amit március 22-étől, a hivatalos nemzetközi premierrel egyidőben fognak vetíteni Magyarországon is. A szereposztás meglehetősen impozáns: a főszereplő Katnisst az a Jennifer Lawrence fogja alakítani, akit a Winter\'s Bone A hallgatás törvénye c. filmben nyújtott alakításáért Oscar-díjra és Golden Globe-díjra jelöltek, de játszott az X-Men: Az elsők című filmben is. Mellette a legnagyobb szerepekben Woody Harrelsont, a rocksztár Lenny Kravitzet, Stanley Tuccit, Elizabeth Bankset, Donald Sutherlandet és Toby Jonest láthatjuk majd.',NULL),('Énekesmadarak és kígyók balladája ',8,2024,1,448,6,9789634198154,5206,26,19,1,'Az Éhezők Viadala hivatalos előzményregénye! A becsvágy hajtja. A küzdelem élteti. De a hatalomnak megvan az ára. Annak az aratásnapnak a reggelén járunk, amely a tizedik Éhezők Viadalát előzi meg. A Kapitóliumban a tizennyolc éves Coriolanus Snow élete nagy dobására készülődik, a mentori posztjára a Viadalban. Az egykor nagy hatalmú Snow-házra nehéz idők járnak: a jövőjük azon múlik, hogy Coriolanus képes lesz-e elbűvölőbbnek, ravaszabbnak és taktikusabbnak bizonyulni diáktársainál, és győztest tud-e faragni a saját kiválasztottjából. Az esélyek azonban ellene szólnak. Azt a megalázó megbízatást kapja ugyanis, hogy a 12. körzet lány kiválasztottját mentorálja, a legaljának a legalját. Sorsuk ezzel végleg összefonódik - Coriolanus minden döntése kedvezményekhez vagy kudarchoz, csillogáshoz vagy csődhöz vezethet. Az arénán belül életre-halálra szóló harc következik, az arénán kívül pedig Coriolanus elkezd együttérezni megpecsételt sorsú kiválasztottjával... és mérlegelnie kell, hogy a szabályok követése a fontosabb, vagy a túlélés. Kerül, amibe kerül.',NULL),('A vörös mancs rejtélye',4,2017,1,121,4,9789634470557,2849,12,16,1,'Hogy kicsoda Joe Carrot? Joe Carrot egy nyúl. De nem akármilyen nyúl, Joe Carrot magánnyomozó! Ügynöksége, a Carrot & Carrot a leghíresebb magánnyomozó iroda egész Tapsivárosban (naná, hiszen az egyetlen!). Joe Carrot azonban nemcsak nyomozó, de gondos családapa is. A történetei éppen ezért egyszerre izgalmasak és szórakoztatóak, és tele vannak rejtélyekkel és vidámsággal. A vörös mancs rejtélye Hamarosan kezdetét veszi a Nagy Répa Kerékpáros Körverseny. A versenyzők közt ott van Jane Carrot is. Joe és a gyerekek teljes erőbedobással szurkolnak neki. Ám ekkor feltűnik a színen egy titokzatos tolvaj, aki abban mesterkedik, hogy ellopja Jane kerékpárját. Nincs más hátra, Joe-nak fülön kell őt csípnie.',2),('Kirké',7,2025,1,424,5,9789634525653,5215,12,18,1,'Az Akhilleusz dala szerzőjének merész, káprázatos és várva várt új regénye, amely kiválóan rajzolja újra az Odüsszeiából ismert hatalmas varázslónő, Kirké életét. A leghatalmasabb titán, a Napisten, Héliosz házában egy kislány születik. Kirké furcsa gyermek - nem rendelkezik hatalommal, mint az apja, sem azzal a rosszindulatú vonzerővel, mint az anyja. Ám amikor társaságért a halandók világa felé fordul, felfedezi, hogy mégiscsak van egy különleges tehetsége: a varázslás képessége, amelynek révén szörnyekké tudja változtatni a riválisait, ráadásul még az istenekre is veszélyt jelenthet. Fenyegetettségében Zeusz száműzi őt egy lakatlan szigetre, ahol az istennő tökéletesíti titkos tudományát, vadállatokat szelídít, és a híres mitológiai alakok közül többel is találkozik: a vérszomjas Minótaurosszal, az ügyes kezű Daidalosszal, a gyilkos Médeiával és persze a fortélyos Odüsszeusszal is. Ám egy nőnek veszélyes egyedül élni, Kirké pedig akaratlanul is magára vonja mind az emberek, mind az istenek haragját, és végül az egyik legrettegettebb olümposzi istennel találja szemközt magát. Hogy megvédje, amit a leginkább szeret, minden erejét össze kell szednie, és egyszer s mindenkorra választania kell az istenek és a halandók világa között. Madeline Miller regénye mámorító eposz a családi vetélkedésről, intrikáról, szerelemről és veszteségről, illetve a férfiak uralta világban is rendíthetetlen női erőről. A Goodreads Choice Awards 2018 kategóriagyőztese.',NULL),('Akhilleusz dala ',7,2024,1,397,5,9789634526421,4740,12,14,1,'Gyönyörű történet istenekről és istennőkről, királyokról és királynőkről, halhatatlanságról és az emberi szívről. A fiatal Patroklosz királyok sarja, mégis száműzik otthonából, amikor akaratlanul egy fiú halálát okozza. Az ifjú a híres-neves hős, Péleusz király udvarába kerül, ahol együtt nevelkedik a király fiával, Akhilleusszal. Az aranyszőke hajú herceg már gyermekként is erős, gyors és vonzó - ellenállhatatlan mindazok számára, akik találkoznak vele. Arra rendeltetett, hogy egy napon ő legyen a legkiválóbb görög. Patroklosz és Akhilleusz nem is különbözhetne jobban egymástól, mégis különleges, eltéphetetlen kötelék szövődik közöttük. Amikor Parisz, a trójai királyfi elrabolja a gyönyörű Helenét Spártából, Hellász minden hősét harcba szólítják a trójaiak ellen. Akhilleusz nem tud ellenállni az istenek által neki ígért dicsőség és hírnév csábításának, így csatlakozik a görög seregekhez. Patroklosz pedig félelem és a barátja iránt érzett szeretet között őrlődve követi őt Trója falai alá, noha tudja, a sors szörnyű áldozatot követel majd mindkettőjüktől... Az eredeti kiadás 10. évfordulójára, a szerző új előszavával.',NULL),('Percy Jackson és az olimposziak 5. - Az utolsó olimposzi',1,2017,1,356,6,9789634571292,3790,14,16,1,'A félvérek egész évben harcra készülődtek, de tudták, hogy nem sok esélyük van a győzelemre. Kronosz serege erősebb volt, mint valaha, és minden átállt istennel és félistennel nagyobb lett.\r\n\r\nAmíg az olimposziak a pusztító Tüphónt próbálták megállítani, addig Kronosz bevonult New Yorkba, ahol az Olimposz gyakorlatilag őrizetlenül állt. Az Idő Urának megállítása Percy Jacksonra és a fiatal félistenek csapatára várt.\r\n\r\nA világszerte sikeres sorozat izgalommal várt befejező részében beteljesül a Percy tizenhatodik születésnapjára jövendölt prófécia. Miközben Manhattan utcáin tovább dúl a nyugati világ megmentéséért vívott harc, Percyn az a szörnyű gyanú lesz úrrá, hogy a saját sorsa ellen küzd.',NULL),('Pusztulás és felemelkedés',1,2019,1,386,1,9789634577775,3799,12,13,1,'Katona. Idéző. Szent.\r\n\r\nAz ország sora egy megtört idézőn, egy kegyvesztett nyomkeresőn és egy egykori nagy mágikus sereg szétvert maradványain múlik.\r\nAz Éjúr árnytrónján ülve uralkodik, míg a meggyengült és sebesült Alina Sztarkov igyekszik felépülni, az őt szentként imádó Apparátus kétes védelme alatt. Minden reményét egy rég eltűnt ősi lény mágiájába veti, és abba az esélybe, hogy egy bizonyos törvényen kívüli herceg még életben van.\r\nAhogy a szövetségesei és az ellenségei a háborúba sodródnak, egyedül Alina áll az ország és világ örök rabságával fenyegető, áradó sötétség között. Hogy megnyerje ezt a harcot, meg kell szereznie egy legendás lény hatalmát - ám a tűzmadár utáni hajsza váratlan fordulatot tartogat.\r\n\r\nKövesd végig sorsa minden fordulatát!',NULL),('This Winter - Az idei tél',1,2023,1,104,6,9789634578857,1899,12,19,1,'- Gyűlölöm a karácsonyt - mondja Tori.\r\n- Nem, nem gyűlölöd - felelem.\r\n- Az ideit gyűlölöm.\r\n- Az ideit mindenki gyűlöli.\r\n\r\n\r\nAz idei tél kemény Tori, Charlie és Oliver Spring számára. Mindannyian igyekeznek a lehető legkevesebb drámával átvészelni a karácsony napját. Olivernek ez azt jelenti, hogy Mario Kart-ozik a bátyjával és a nővérével,\r\nTori és Charlie számára pedig azt, hogy maguk mögött hagyják az elmúlt néhány hónapot.\r\n\r\n\r\nVajon ez a karácsony szétszakítja a Spring családot, vagy elkezdi összekovácsolni őket?\r\n\r\n\r\nÉrzékeny látkép a 21. századi diszfunkcionális családokról, akik szeretik egymást, de fogalmuk sincs, miként fejezzék ezt ki.\r\n\r\n\r\nOlvasd el ezt az újabb megható Heartstopper-történetet!',6),('Árnyék és Csont',1,2021,1,373,1,9789635616770,4084,12,13,1,'Alina Starkova sosem várt túl sokat az élettől.\r\n\r\nA határháborúk során elveszítette a szüleit. Árvaként csupán egyvalakire számíthatott. Egy másik kis földönfutóra, Malra, a legjobb barátjára. Ám mostanra már ő sem lehet a támasza. Mindkettőjüket besorozták hazájuk, Ravka anyácska hadseregébe. A két fiatalnak életveszélyes küldetésre kell indulnia az Árnyzónába. Ezen az iszonyatos helyen a földöntúli sötétség az úr, ahol valósággal hemzsegnek az emberevő szörnyetegek.\r\n\r\nAmikor támadás éri a katonai konvojukat, mindannyiuk élete veszélybe kerül. Ám Alina ekkor olyan titokzatos erőnek adja tanújelét, amiről mindaddig még ő sem tudott. Csodálatos megmenekülésük váratlan következményekkel jár. Meg sem áll a fővárosig, az uralkodó udvaráig, ahol az árva lány a Grisa testvériség tagja lesz. Vezetőjük, a titokzatos Éjúr úgy véli, Alina az, akire oly régóta vár Ravka sokat szenvedett népe. A legfőbb varázsló szerint az Alinában rejtőző erő képes lesz elpusztítani az Árnyzónát.\r\n\r\nA cári udvar fényűző forgatagában sokan az Éjúr új kegyeltjének tartják a lányt, aki csak nehezen tud beilleszkedni Mal nélkül. Miközben hazája egyre nagyobb veszélybe kerül, feltárul előtte egy hajmeresztő összeesküvés. Döntenie kell. Szembeszáll a birodalom leghatalmasabb nagyuraival?\r\nEgyedül a múltja adhat reményt...\r\nMert csupán ez az árva lány mentheti meg a jövőt.',NULL),('Mindketten meghalnak a végén',2,2022,1,403,NULL,9789635842247,2799,12,14,2,'ADAM SILVERA gyönyörűen szívszaggató regénye fiatalok százezreit érintette meg. A TikTokon több mint 74 millió bejegyzés szól erről a könyvről, valamint a The New York Times sikerlistáján is bérelt helye van. ,,Mi, a Végső Barát Zrt. csapata, borzasztóan sajnáljuk, hogy elveszítünk. Őszinte részvétünk mindazoknak, akik szerettek, és azoknak, akik már sosem ismerhetnek meg téged. Reméljük, ma értékes, új barátra lelsz, és vele töltöd végső óráidat.\" Szeptember 5-én, kicsivel éjfél után a Halál-Hírek felhívja Mateo Torrezt és Rufus Emeteriót. Rossz hírei vannak számukra: még aznap meghalnak. Mateo és Rufus nem ismerik egymást, és más-más okokból ugyan, de mindketten szeretnének egy új barátot találni a Végnapjukon. A jó hír: erre is létezik egy alkalmazás, a neve: Végső Barát. Rufus és Mateo ennek segítségével akarnak találkozni, hogy együtt még egy utolsó, nagyszerű kalandban legyen részük - egyetlen nap alatt akarnak leélni egy egész életet. Adam Silvera bemutatkozó regényét a New York Times komoly, érzékeny műként jellemezte, most pedig itt az elismert író újabb virtuóz alkotása, a felemelő és megsemmisítő, elbűvölő és megragadó Mindketten meghalnak a végén. Ez a történet emlékeztet rá, hogy halál nélkül nincs élet, veszteség nélkül nincs szeretet - és egyetlen nap alatt is megváltoztathatjuk az egész világunkat.',NULL),('Az első, aki meghal a végén',2,2022,1,605,NULL,9789635843046,3499,12,14,2,'A New York Times-sikerlista első helyét meghódító, Mindketten meghalnak a végén előzménytörténetében hét évet ugrunk vissza az időben, és jelen lehetünk a Halál-Hírek első hívásánál. Ma éjjel kezd élesben a Halál-Hírek, így mindenkit ugyanaz a kérdés foglalkoztat: tényleg meg tudják jósolni, hogy valaki meg fog halni, vagy csak egy aprólékosan kitervelt átverés az egész? Orion Pagan évek óta várja, mikor közlik vele, hogy meg fog halni. Komoly szívbetegséggel él, és azért iratkozott fel a Halál-Híreknél, hogy tudja, mire számítson. Valentino Prince New Yorkban akarja újrakezdeni az életét. Hosszú, ígéretes jövő vár rá, és csak azt követően regisztrált a Halál-Híreknél, hogy az ikertestvére kis híján odaveszett egy autóbalesetben. Orion és Valentino a Times Square-en akadnak össze, és azonnal érzik, hogy közük van egymáshoz. Ám a legelső Végnapi hívások örökre megváltoztatják az életüket - egyiküket felhívják, míg a másikat nem. Noha azt egyik fiú sem tudja, miként végződik majd számukra ez a nap, abban biztosak, hogy együtt akarják tölteni... még ha utána keserves is lesz a búcsú. Az elismert író, Adam Silvera rá jellemző keserédes stílusban mesél arról, milyen óriási hatással vannak egymásra az emberek, és újra bebizonyítja, hogy mindig érdemes kihasználni életünk minden pillanatát. 18 éven felülieknek. ',NULL),('Heartstopper 2. - Szívdobbanás - Fülig beléd zúgtam 2.',1,2022,1,320,1,9789635972968,3514,13,11,1,'\"Teljességgel elragadó. Aranyos, romantikus, kedves. A történet csodás tempóban halad. Imádom ezt a könyvet.\"\r\n-RAINBOW ROWELL, A Carry On szezrője\r\n\r\nNick\r\n\r\nAzért átjössz\r\nholnap?? :D\r\nMert lenne egy\r\nötletem\r\nMit szólnál egy\r\nigazi randihoz?\r\n\r\nOmg... hát PERSZE\r\nMit csináljunk? :)\r\n\r\nLehet meglepetés??\r\n\r\nOmg oké! Nagyon\r\nizgulok alkjdfldsg',4),('Heartstopper - Fülig beléd zúgtam - Szívdobbanás 1.',1,2022,1,263,1,9789635973828,3134,24,11,1,'Két fiú találkozik.\r\n\r\nKét fiú összebarátkozik.\r\n\r\nKét fiú egymásba szeret.\r\n\r\nCharlie és Nick egy suliba járnak, de nem ismerik egymást... mígnem egy napon egymás mellé ültetik őket. Egykettőre összebarátkoznak, Charlie pedig hamarosan belezúg Nickbe. Kár, hogy semmi esélye nála: Nick tipikus rögbis fiú, és biztos, hogy csak a lányok érdeklik...\r\n\r\nÁm a szerelem útjai kifürkészhetetlenek, és mintha Nick egyre közvetlenebb lenne Charlie-val...\r\n\r\nSzereted a Vörös pöttyös könyveket?\r\n\r\nVidd haza nyugodtan! Tetszeni fog.\r\n',4),('Heartstopper 3. - Szívdobbanás - Fülig beléd zúgtam 3.',1,2023,1,392,1,9789635974313,4274,30,11,1,'CARTE POSTALE\r\n\r\nSzia Tori!\r\nPárizs csodálatos!\r\nÉn, Nick és a barátaink szuperül érezzük magunkat! Viszont... volt némi dráma Taóval, és... hát, csomó minden történt. Majd otthon\r\nelmesélem!!\r\n\r\nCharlie\r\nx x x\r\n\r\n\" Teljességgel elragadó. Aranyos, romantikus, kedves. A történet csodás tempóban halad. Imádom ezt a könyvet.\"\r\n\r\n- RAINBOW ROWELL, a Carry On szerzője',4),('Heartstopper 4. - Szívdobbanás - Fülig beléd zúgtam 4.',1,2023,1,384,1,9789635974320,4274,5,11,1,'Nick naplója\r\n\r\nAzt hiszem, szerelmes vagyok Charlie-ba. Csodálatos volt együtt tölteni vele és a barátainkkal ezt a nyarat, és annyira\r\nszeretném kimondani neki, hogy szeretem, de... azt hiszem, vannak más dolgok, amik jobban aggasztanak mostanában...\r\n\r\nHa boldogságra van szükséged, lapozz bele!\r\n\r\n\"Az volt a célom, hogy olyan történetet írjak, amilyet én is szerettem volna olvasni, amikor én voltam tini.\"\r\n- Alice Oseman',4),('Nick és Charlie - Pasziánsz 1,5',1,2023,1,122,6,9789635976898,2184,23,19,1,'A hiánytól jobban szeret\r\na szív, igaz?\r\nMindenki tudja, hogy Nick és Charlie a\r\ntökéletes pár, és elválaszthatatlanok.\r\nDe Nick most egyetemre megy, Charlie pedig\r\nvégzősként a suliban marad. Ahogy közeledik\r\na búcsú ideje, mindkét fiúban felmerül a\r\nkérdés: vajon elég erős a szerelmük\r\nahhoz, hogy túléljék a különválást?\r\nElvégre az első szerelem\r\nritkán tart örökké...\r\nGyere, és olvasd el Nick és Charlie\r\ntörténetének újabb fejezetét!\r\nNem titok, hogy abszolút imádom\r\na Heartstopper-képregényeket, és ez a\r\nszerelem itt nem ért véget. A Nick és Charlie\r\nremek kiegészítője a sorozatnak, jó volt\r\nvégre belelátni a srácok lelkivilágába.\"\r\n- Young Creative Press',6),('Rule of Wolves - Farkasok törvénye ',1,2024,1,530,1,9789635977628,5034,23,13,1,'A sebhelyes cár várva várt lezárása megérkezett!\r\n\r\n\r\nFjerda hatalmas serege támadásra készül, Nyikolaj Lancov pedig minden leleményét és sármját - sőt, a benne rejlő szörnyeteget is - beveti, hogy megnyerje a háborút. Csakhogy mindeközben egy olyan sötét erő is\r\nfenyegeti, amely még az ifjú cár számára is végzetes lehet.\r\n\r\n\r\nZója Nazjalenszkaja túl sokat veszített a korábbi háborúban. Végignézte, ahogy a mentora meghal, és a legnagyobb ellensége feltámad, és nem hajlandó eltemetni még egy barátot. A kötelesség most azt követeli tőle, hogy használja a legtitkosabb képességét is, mert az országának minden fegyverre szüksége van. Bármi lesz is az ára.\r\n\r\n\r\nNyina Zenyik a lebukást és az életét kockáztatja azzal, hogy kémként beépült Fjerda fővárosi elitjébe. Összetört szíve még nem gyógyult be, és ha nem vigyáz, a bosszúvágya miatt az országa minden esélyét elveszti a háborúban.\r\n\r\n\r\nA világsikerű sorozat zseniálisan megírt befejező része.',NULL),('Heartstopper 5. - Szívdobbanás - Fülig beléd zúgtam 5.',1,2024,1,336,1,9789635977994,3514,7,11,1,'Nick és\r\nCharlie\r\nszerelmesek\r\nEGYETEMI\r\nTÚRATERV\r\nÍrta: Tara, Elle és Nick :)\r\nDe most hogyan tovább?',4),('Loveless - Szerelem nélkül',1,2024,1,399,6,9789635979776,4084,10,19,1,'Mikor kezdődik már az ő szerelmi története?\r\nA fanficmegszállott Georgia még sosem volt szerelmes, sosem csókolózott, még csak bele sem zúgott senkibe, soha. De örök romantikusként biztos benne, hogy egy nap meg fogja találni az Igazit. Amikor elkezdi az egyetemet, készít egy tervet, hogy miként találhat rá a szerelemre. Ám a tettei fájdalmat okoznak a barátainak, így felteszi magának a kérdést, miért tűnik olyan könnyűnek a romantika mások számára, míg neki nem az.\r\nÚj címkéket aggatnak rá - aszexuális, aromantikus -, és ezek miatt Georgia még inkább elbizonytalanodik\r\naz érzéseiben. Az a sorsa, hogy szeretet nélkül éljen? Vagy mindvégig rossz dolog után kutatott?\r\nEbben az önazonosságról és önelfogadásról szóló bölcs, együttérző és szellemes történetben Alice Oseman csúcsformában tündököl, miközben Georgia és a barátai felfedezik, hogy az igaz szeretet nem korlátozódik a romantikára.\r\nHagyd, hogy elvarázsoljon!',NULL),('Az Éhezők Viadala - Az Éhezők Viadala-trilógia 1. kötete',8,2025,1,303,6,9789635980840,4731,23,19,1,'A győztes jutalma hírnév. A vesztes büntetése halál. A közeljövő egy sötét világában tizenkét fiú és tizenkét lány küzd egymással egy élő televíziós show-ban, aminek a címe Az éhezők viadala. Egyetlen szabály van: ölj vagy megölnek. Amikor a tizenhat éves Katniss Everdeen a húgát mentve önként jelentkezik, hogy részt vegyen a viadalon, az felér egy halálos ítélettel. De Katniss már nem fél a haláltól. A túlélés a vérében van.',NULL),('A nappá vált lány ',8,2023,1,447,5,9789635981175,5206,12,13,1,'A Mulan és az Akhilleusz dala találkozik ebben a költői bemutatkozó regényben, ami háborúról és végzetről szól egy alternatív, lenyűgöző Kínában.\r\n\r\nEgy poros, sárga síkság éhínségtől sújtott falujában két gyerek két sorsot kap. A fiúé lesz a nagyszerűség. A lányé pedig a semmilét...\r\n\r\n1345-ben Kínát kemény kézzel vezetik a mongolok. A Középső Síkság éhező földművesei a nagyszerűséget csupán a mesékből ismerik - amikor azonban a Csu család nyolcadik fiának, Csu Csungpának mégis e sorsot jósolják, senki sem érti, az vajon miként válik majd valóra. A semmilét sorsa azonban, amit a család okos és leleményes másodszülött lánya kap, egyáltalán nem meglepő.\r\n\r\nAmikor útonállók támadása miatt árván marad a két gyerek, Csu Csungpa az, aki megadja magát a kilátástalanságnak, és meghal. A lány, aki kétségbeesetten szeretne menekülni megjövendölt halála elől, a bátyja személyazonosságát használva novíciusnak áll egy kolostorban. Ott a túlélés iránti, égető vágyától ösztökélve megtanulja, nem számít, milyen könyörtelen dologról van szó, bármit képes megtenni azért, hogy elrejtőzzön a végzete elől. Sőt, Csu idővel megpróbálja kihasználni a lehetőséget, hogy egy teljesen más jövőt szerezzen meg magának: a bátyja gazdátlanná vált nagyszerűségét.',NULL),('A sötétségbe fojtott világ',8,2024,1,576,2,9789635982448,6631,12,13,1,'Mennyit áldoznál fel azért, hogy megszerezd a világot?\r\n\r\nCsu Jüancsang, a Fénylő Király, csodálatos győzelmet aratott, amikor elszakította Kína déli részét mongol uraiktól. Most új vágytól ég: meg akarja szerezni a trónt, és császárrá akarja koronázni magát.\r\n\r\nNem ő azonban az egyetlen, akit efféle becsvágy hajt. Déli szomszédja, Csang asszony, a kurtizán, a férjének akarja megszerezni a trónt - és elég erős hozzá, hogy eltörölje Csút a Föld színéről. Ahhoz, hogy játékban maradjon, a fiatal nőnek kockára kell tennie mindent, és szövetségre kell lépnie egy régi ellenségével, a tehetséges, ám kiszámíthatatlan eunuchhal, Oujang tábornokkal, aki már mindent feladott azért, hogy bosszút állhasson apja gyilkosán, a nagykánon.\r\n\r\nA déliek tudtán kívül egy új szereplő még közelebb került a trónhoz. A lenézett tudós, Vang Paohsziang addig mesterkedett, amíg el nem jutott a fővárosba, és most halálos udvari játékai azzal fenyegetnek, hogy térdre kényszerítik a birodalmat. Paohsziang ugyanis szintén bosszúra éhezik: ő akar lenni a történelem legelfajzottabb nagykánja, hogy ezzel űzzön gúnyt az értékekből, amelyeket mongol harcosokból álló családja jobban szeretett nála.\r\n\r\nA trónkövetelők eltökélték, hogy bármit megtesznek a győzelemért. Csakhogy amikor az ember vágyának tárgya az egész világ, az még a legkegyetlenebbek számára is túl sokba kerülhet...',NULL),('Halloween és a halál ',6,2025,1,346,1,9789636207007,3799,12,17,1,'\"A szép dolgokat nézni kellemes elfoglaltság, de az ember már-már elvből utasítja el a szépséget magát. Egy nő, persze, megengedheti magának, hogy szép legyen, gondolta Hercule Poirot, abban azonban egyáltalán nem volt biztos, mit gondoljon a férfiúi szépségről. Ő a maga részéről sohasem vágyott rá, hogy szép fiatalember lehessen, nem mintha erre bármiféle esélye lett volna valaha is.\" Mrs. Drake Woodleigh Common-i házában Mindenszentek előestéjén halloween-partit rendeznek. Ez idő tájt a kisvárosban vendégeskedik az ismert krimi-írónő, Mrs. Ariadne Oliver is, aki szintén segédkezik Mrs. Drake-nek a gyerekzsúr előkészületeiben. A sürgés-forgás közben a tizenhárom éves Joyce Reynolds azzal henceg Mrs. Olivernek és a többi gyereknek, hogy régebben ő már szemtanúja volt egy igazi gyilkosságnak. A jelenlévők, kivétel nélkül, csak egyszerű szájhősködésnek tartják Joyce állítását, egészen addig, míg a zsúr végén holtan nem találják a kislányt. A könyvtárszobában valaki az almahorgászáshoz használt vödör vízbe fojtotta. Mrs. Oliver régi barátjához, a zseniális Hercule Poirot-hoz fordul segítségért.',NULL),('I Was Born For This - Erre születtem',1,2024,1,364,6,9789636751494,3514,8,19,1,'- Meg fogok halni. Tökre meg fogok halni!\r\n- Ezt nem javasolnám - mondja Juliet, mintha kéthetes nyaraláson járt volna a Túlvilágon, és a TripAdvisoron ötből két pontot adott volna neki.\r\n\r\nAngel számára az élet egyetlen dologról szól: a The Arkról, egy tinédzserfiúkból álló pop-rock trióról, akik rohamléptekkel hódítják meg a világot. Mindent, amit szeret, a The Ark-fandomnak köszönhet: a barátját, Julietet, az álmait, a helyét a világban.\r\n\r\nJimmy mindent a The Arknak köszönhet. Ő a frontemberük - és egy bandában játszani a haverjaival minden, amiről valaha álmodott.\r\n\r\nDe az álmok nem mindig úgy alakulnak, ahogyan azt gondoljuk, és amikor Jimmy és Angel váratlanul\r\ntalálkoznak, rájönnek, milyen furcsa és meglepő lehet szembenézni a valósággal.\r\n\r\nVicces és bölcs. Lenyűgözően mutatja meg, milyen ereje van annak, ha hiszünk valamiben - különösen önmagunkban.\r\n\r\nHagyd, hogy magával ragadjon!',NULL),('Percy Jackson és az olimposziak 6. - Az istenek kelyhe ',1,2025,1,256,7,9789636751944,3999,15,16,1,'Félig halandó. Félig isten. Ízig-vérig hős.\r\nPercy Jackson és barátai legújabb története megérkezett!\r\nA villámtolvaj hősei újra összeállnak, hogy szembenézzenek eddigi legnagyobb kihívásukkal, és az istenek akadékoskodása ellenére bejuttassák Percyt az egyetemre.\r\nPercy Jackson, miután többször is megmentette a világot, reméli, hogy rendesen leérettségizhet. Sajnos az istenek még nem végeztek vele.\r\nPercynek három küldetést kell teljesítenie ahhoz, hogy megszerezze az Olimposz-hegyről a továbbtanuláshoz szükséges három ajánlólevelet.\r\nElső küldetése során Zeusz pohárnokának kell segítenie visszaszerezni az aranykelyhet, mielőtt az rossz kezekbe kerülne. Vajon Percy, Grover és Annabeth időben sikerrel jár?\r\nA könyv önállóan is élvezhető. Az új olvasók és azok a rajongók, akik már több mint egy évtizede kísérik figyelemmel hőseink kalandjait, egyformán örülni fognak a görög mitológia legújabb remek, poéndús feldolgozásának.\r\nIsmerd meg te is Percy Jackson legújabb kalandjait!',NULL),('Ostrom és vihar',1,2016,1,414,2,9789639492806,3799,12,13,1,'\"A sötétség nem hal meg soha.\r\n\r\nAz Igaz-tengeren át menekülő Alina, akit kísértenek a Zónában meggyilkoltak szellemei, új életet kezd Mallal egy ismeretlen földön, miközben igyekszik titokban tartani napidéző voltát. Ám sokáig nem hagyhatja maga mögött sem a múltját, sem a sorsát.\r\nAz Éjúr rettenetes új hatalom birtokában hagyta el az Árnyzónát, és veszedelmes tervet sző, ami a végsőkig próbára teszi a természeti világ határait. Alina egy hírhedt kalóz segítségével visszatér a szeretett országba, hogy elszántan szembeszálljon a Ravkára törő erőkkel. De a ahogy hatalma növekszik, Alina úgy süllyed egyre mélyebbre a tiltott mágiába és az Éjúr játszmájába, és távolodik el egyre jobban Maltól. Választania kell hazája, a hatalom és a szerelem között, amiről mindig úgy hitte, az vezérli különben azt kockáztatja, hogy mindent elveszít a közelgő viharban.\"',NULL),('Fate/Grand Order -mortalis:stella- 4 (Manga) - Fate/Grand Order (Manga) 4',14,2023,2,235,6,9798888772119,7000,3,11,1,'The official manga adaptation of one of the most popular mobile games in the world makes its long-awaited return! Continue the time-traveling fantasy story that has enthralled millions, in a new adaptation from 28, the artist behind Tales of Zestiria!\n\n \n\nLet the Festivities Begin\n\nThe second singularity is back in the Roman Empire, where a ruler that should be dead is back to life and challenging Nero Claudius, the fifth emperor. Mash and Ritsuka lend Nero their assistance, but before the battle can begin, Caligula--Nero’s uncle and the third emperor--stands in their way! The stage is set for a new Grand Order in ancient Rome! \n\n \n\nThe official adaptation of the 9 phenomenon that has become one of the most popular mobile games in the world!',4),('Fate/Grand Order -mortalis:stella- 5 (Manga) - Fate/Grand Order (Manga) 5',14,2023,2,220,6,9798888775899,6700,6,11,1,'The official manga adaptation of one of the most popular mobile games in the world makes its long-awaited return! Continue the time-traveling fantasy story that has enthralled millions, in a new adaptation from 28, the artist behind Tales of Zestiria!\n\n \n\nLet the Festivities Begin\n\nThe second singularity is back in the Roman Empire, where a ruler that should be dead is back to life and challenging Nero Claudius, the fifth emperor. Mash and Ritsuka lend Nero their assistance, but before the battle can begin, Caligula--Nero’s uncle and the third emperor--stands in their way! The stage is set for a new Grand Order in ancient Rome! \n\n \n\nThe official adaptation of the 9 phenomenon that has become one of the most popular mobile games in the world!',4);
/*!40000 ALTER TABLE `termek` ENABLE KEYS */;
UNLOCK TABLES;

--
-- Table structure for table `tipus`
--

DROP TABLE IF EXISTS `tipus`;
/*!40101 SET @saved_cs_client     = @@character_set_client */;
/*!50503 SET character_set_client = utf8mb4 */;
CREATE TABLE `tipus` (
  `id` int NOT NULL AUTO_INCREMENT,
  `tipus_nev` varchar(150) COLLATE utf8mb4_hungarian_ci NOT NULL,
  PRIMARY KEY (`id`),
  UNIQUE KEY `tipus_nev` (`tipus_nev`)
) ENGINE=InnoDB AUTO_INCREMENT=4 DEFAULT CHARSET=utf8mb4 COLLATE=utf8mb4_hungarian_ci;
/*!40101 SET character_set_client = @saved_cs_client */;

--
-- Dumping data for table `tipus`
--

LOCK TABLES `tipus` WRITE;
/*!40000 ALTER TABLE `tipus` DISABLE KEYS */;
INSERT INTO `tipus` VALUES (3,'Antikvárium'),(2,'e-könyv'),(1,'Könyv');
/*!40000 ALTER TABLE `tipus` ENABLE KEYS */;
UNLOCK TABLES;

--
-- Table structure for table `vevo`
--

DROP TABLE IF EXISTS `vevo`;
/*!40101 SET @saved_cs_client     = @@character_set_client */;
/*!50503 SET character_set_client = utf8mb4 */;
CREATE TABLE `vevo` (
  `id` int NOT NULL AUTO_INCREMENT,
  `vevo_nev` varchar(150) COLLATE utf8mb4_hungarian_ci NOT NULL,
  `lakcim` varchar(150) COLLATE utf8mb4_hungarian_ci NOT NULL,
  `adoszam` varchar(15) COLLATE utf8mb4_hungarian_ci DEFAULT NULL,
  PRIMARY KEY (`id`)
) ENGINE=InnoDB DEFAULT CHARSET=utf8mb4 COLLATE=utf8mb4_hungarian_ci;
/*!40101 SET character_set_client = @saved_cs_client */;

--
-- Dumping data for table `vevo`
--

LOCK TABLES `vevo` WRITE;
/*!40000 ALTER TABLE `vevo` DISABLE KEYS */;
/*!40000 ALTER TABLE `vevo` ENABLE KEYS */;
UNLOCK TABLES;

--
-- Final view structure for view `osszes_konyv`
--

/*!50001 DROP VIEW IF EXISTS `osszes_konyv`*/;
/*!50001 SET @saved_cs_client          = @@character_set_client */;
/*!50001 SET @saved_cs_results         = @@character_set_results */;
/*!50001 SET @saved_col_connection     = @@collation_connection */;
/*!50001 SET character_set_client      = utf8mb3 */;
/*!50001 SET character_set_results     = utf8mb3 */;
/*!50001 SET collation_connection      = utf8mb3_general_ci */;
/*!50001 CREATE ALGORITHM=UNDEFINED */
/*!50013 DEFINER=`root`@`localhost` SQL SECURITY DEFINER */
/*!50001 VIEW `osszes_konyv` AS select `termek`.`ISBN` AS `ISBN`,`termek`.`cim` AS `cim`,`nyelv`.`nyelv_nev` AS `nyelv_nev`,`kiado`.`kiado_nev` AS `kiado_nev`,`borito`.`borito_nev` AS `borito_tipus`,`kategoria`.`kat_nev` AS `kat_nev`,`tipus`.`tipus_nev` AS `tipus_nev`,`illusztracio`.`illusztracio` AS `illusztracio_leiras`,group_concat(distinct `szerző`.`szerzo_nev` separator ', ') AS `szerzok`,group_concat(distinct `fordito`.`fordito_nev` separator ', ') AS `fordítok`,group_concat(distinct `illusztrator`.`illusztrator` separator ', ') AS `illusztratorok` from ((((((((((((`termek` left join `kapcsolo_szerzo` on((`termek`.`ISBN` = `kapcsolo_szerzo`.`ISBN`))) left join `szerző` on((`szerző`.`id` = `kapcsolo_szerzo`.`szerzo_id`))) left join `kapcsolo_fordito` on((`termek`.`ISBN` = `kapcsolo_fordito`.`ISBN`))) left join `fordito` on((`fordito`.`id` = `kapcsolo_fordito`.`fordito_id`))) left join `kapcsolo_illusztrator` on((`termek`.`ISBN` = `kapcsolo_illusztrator`.`ISBN`))) left join `illusztrator` on((`illusztrator`.`id` = `kapcsolo_illusztrator`.`illusztrator_id`))) left join `nyelv` on((`termek`.`nyelv_id` = `nyelv`.`id`))) left join `kiado` on((`termek`.`kiado_id` = `kiado`.`id`))) left join `borito` on((`termek`.`borito_id` = `borito`.`id`))) left join `kategoria` on((`termek`.`kategoria_id` = `kategoria`.`id`))) left join `tipus` on((`termek`.`tipus_id` = `tipus`.`id`))) left join `illusztracio` on((`termek`.`illusztracio` = `illusztracio`.`id`))) group by `termek`.`ISBN` */;
/*!50001 SET character_set_client      = @saved_cs_client */;
/*!50001 SET character_set_results     = @saved_cs_results */;
/*!50001 SET collation_connection      = @saved_col_connection */;
/*!40103 SET TIME_ZONE=@OLD_TIME_ZONE */;

/*!40101 SET SQL_MODE=@OLD_SQL_MODE */;
/*!40014 SET FOREIGN_KEY_CHECKS=@OLD_FOREIGN_KEY_CHECKS */;
/*!40014 SET UNIQUE_CHECKS=@OLD_UNIQUE_CHECKS */;
/*!40101 SET CHARACTER_SET_CLIENT=@OLD_CHARACTER_SET_CLIENT */;
/*!40101 SET CHARACTER_SET_RESULTS=@OLD_CHARACTER_SET_RESULTS */;
/*!40101 SET COLLATION_CONNECTION=@OLD_COLLATION_CONNECTION */;
/*!40111 SET SQL_NOTES=@OLD_SQL_NOTES */;

-- Dump completed on 2025-11-10  8:21:41
